token,title,sense,retrieved
CBD,CBD,central_business_district,2026-06-08
CBD,Cannabidiol,cannabidiol,2026-06-08
CBD,Sydney central business district,central_business_district,2026-06-08
CBD,Central business district,central_business_district,2026-06-08
CBD,Chaos in the CBD,other_unknown,2026-06-08
CBD,Jiangbeizui CBD,central_business_district,2026-06-08
CBD,Cape Town CBD,central_business_district,2026-06-08
CBD,CBD Belapur,central_business_district,2026-06-08
CBD,CBD cigarette,cannabidiol,2026-06-08
CBD,Perth,central_business_district,2026-06-08
CBD,Jiefangbei CBD,central_business_district,2026-06-08
CBD,Johannesburg CBD,central_business_district,2026-06-08
CBD,Auckland CBD,central_business_district,2026-06-08
CBD,Melbourne central business district,central_business_district,2026-06-08
CBD,H4-CBD,cannabidiol,2026-06-08
CBD,Conversion of CBD to THC,cannabidiol,2026-06-08
CBD,CBD Nation,cannabidiol,2026-06-08
CBD,Corticobasal degeneration,corticobasal_degeneration,2026-06-08
CBD,Brisbane central business district,central_business_district,2026-06-08
CBD,Sydney,other_unknown,2026-06-08
CBD,Convention on Biological Diversity,other_unknown,2026-06-08
CBD,List of central business districts,other_unknown,2026-06-08
CBD,Lahore,other_unknown,2026-06-08
CBD,Commercial Bank of Dubai,other_unknown,2026-06-08
CBD,Beijing central business district,central_business_district,2026-06-08
CBD,Brisbane,central_business_district,2026-06-08
CBD,CBD Line,other_unknown,2026-06-08
CBD,Orange Line (Kolkata Metro),other_unknown,2026-06-08
CBD,Legality of cannabis by U.S. jurisdiction,cannabidiol,2026-06-08
CBD,Cannabinoid,cannabidiol,2026-06-08
CBD,Cape Town,central_business_district,2026-06-08
CBD,CBD loop,other_unknown,2026-06-08
CBD,Pakistan,other_unknown,2026-06-08
CBD,Dallas CBD Vertiport,central_business_district,2026-06-08
CBD,Sydney Metro City & Southwest,central_business_district,2026-06-08
CBD,Johannesburg,other_unknown,2026-06-08
CBD,Melbourne,central_business_district,2026-06-08
CBD,New Douglas Park,other_unknown,2026-06-08
CBD,Cannabis (drug),cannabidiol,2026-06-08
CBD,CBD and South East Light Rail,central_business_district,2026-06-08
CBD,New York City,other_unknown,2026-06-08
CBD,CBD Architects,other_unknown,2026-06-08
CBD,Pretoria,other_unknown,2026-06-08
CBD,CBD Ciledug (Transjakarta),central_business_district,2026-06-08
CBD,CBD Rail Link,other_unknown,2026-06-08
CBD,Choledochoduodenostomy,common_bile_duct,2026-06-08
CBD,CBD Relief Line,central_business_district,2026-06-08
CBD,State Library railway station,central_business_district,2026-06-08
CBD,Islamabad,other_unknown,2026-06-08
CBD,Gallstone,common_bile_duct,2026-06-08
CBD,List of shopping centres in Australia,other_unknown,2026-06-08
CBD,Auckland,central_business_district,2026-06-08
CBD,Sydney lockout laws,other_unknown,2026-06-08
CBD,Scott Blakey,cannabidiol,2026-06-08
CBD,State Library railway station,central_business_district,2026-06-08
CBD,China,other_unknown,2026-06-08
CBD,Wagga Wagga,central_business_district,2026-06-08
CBD,CBD-DMH,cannabidiol,2026-06-08
CBD,Bloemfontein Central,central_business_district,2026-06-08
CBD,City Rail Link,central_business_district,2026-06-08
CBD,CBD Naya Raipur railway station,other_unknown,2026-06-08
CBD,Sydney CBD FC,other_unknown,2026-06-08
CBD,CCTV Headquarters,central_business_district,2026-06-08
CBD,Manchester city centre,central_business_district,2026-06-08
CBD,"Town Hall railway station, Melbourne",central_business_district,2026-06-08
CBD,Cannabis,cannabidiol,2026-06-08
CBD,Vilnius Central Business District,central_business_district,2026-06-08
CBD,Downtown Toronto,central_business_district,2026-06-08
CBD,CBD-FM,other_unknown,2026-06-08
CBD,Downtown Seoul,central_business_district,2026-06-08
CBD,M2 (Johannesburg),central_business_district,2026-06-08
CBD,Argentina,other_unknown,2026-06-08
CBD,Raynor Winn,corticobasal_degeneration,2026-06-08
CBD,Cannabis strain,cannabidiol,2026-06-08
CBD,"Central Business District, Singapore",central_business_district,2026-06-08
CBD,Cannabis in Slovakia,cannabidiol,2026-06-08
CBD,Cannabis edible,cannabidiol,2026-06-08
CBD,2014 FIFA World Cup,other_unknown,2026-06-08
CBD,History of football in Brazil,other_unknown,2026-06-08
CBD,Brazilian Football Confederation,other_unknown,2026-06-08
CBD,Cape Town CCID,other_unknown,2026-06-08
CBD,Brazil national football team,other_unknown,2026-06-08
CBD,Hypochondriac (Brakence album),other_unknown,2026-06-08
CBD,Tetrahydrocannabinol/cannabinol/cannabidiol,cannabidiol,2026-06-08
CBD,List of celebrities who own cannabis businesses,cannabidiol,2026-06-08
CBD,Jomo Kenyatta University of Agriculture and Technology,other_unknown,2026-06-08
CBD,Christopher Gavigan,other_unknown,2026-06-08
CBD,Compulsive buying disorder,other_unknown,2026-06-08
CBD,Banani (neighbourhood),central_business_district,2026-06-08
CBD,Downtown Dallas,central_business_district,2026-06-08
CBD,Lanes and alleyways of Sydney,central_business_district,2026-06-08
CBD,Δ6-Cannabidiol,cannabidiol,2026-06-08
CBD,Hobart City Centre,central_business_district,2026-06-08
CBD,Central City Red Zone,other_unknown,2026-06-08
CBD,Charlotte's Web (cannabis),cannabidiol,2026-06-08
CBD,Chakulia Assembly constituency,other_unknown,2026-06-08
CBD,Qianjiang New City,central_business_district,2026-06-08
CBD,M4 (Cape Town),other_unknown,2026-06-08
CBD,Entourage effect,cannabidiol,2026-06-08
CBD,2019 Sydney CBD stabbings,other_unknown,2026-06-08
CBD,New Zealand,other_unknown,2026-06-08
CBD,"8,9-Dihydrocannabidiol",cannabidiol,2026-06-08
CBD,"Futian, Shenzhen",central_business_district,2026-06-08
CBD,Kolkata,other_unknown,2026-06-08
CBD,Cannabis drug testing,cannabidiol,2026-06-08
CBD,Albania,other_unknown,2026-06-08
CBD,Christianbook,other_unknown,2026-06-08
CBD,Rio Convention,other_unknown,2026-06-08
CBD,Taichung Time Square CBD,other_unknown,2026-06-08
CBD,"The Rocks, New South Wales",central_business_district,2026-06-08
CBD,Mumbai,other_unknown,2026-06-08
CBD,Certificate of analysis,other_unknown,2026-06-08
CBD,Downtown Vancouver,central_business_district,2026-06-08
CBD,Suburbs of Johannesburg,central_business_district,2026-06-08
CBD,Manhattan,other_unknown,2026-06-08
CBD,New Orleans Central Business District,central_business_district,2026-06-08
CBD,Downtown Yangon,central_business_district,2026-06-08
CBD,Gympie,central_business_district,2026-06-08
CBD,Bangladesh,other_unknown,2026-06-08
CBD,"Innisfail, Queensland",other_unknown,2026-06-08
CBD,Digital sequence information,other_unknown,2026-06-08
CBD,List of schools in Port Moresby,other_unknown,2026-06-08
CBD,Budapest,other_unknown,2026-06-08
CBD,BBC World Service,other_unknown,2026-06-08
CBD,Proposed railways in Sydney,other_unknown,2026-06-08
CBD,Cannabis in Wisconsin,cannabidiol,2026-06-08
CBD,Downtown Core,central_business_district,2026-06-08
CBD,Blacktown,other_unknown,2026-06-08
CBD,Cuba,other_unknown,2026-06-08
CBD,Buderim (suburb),other_unknown,2026-06-08
CBD,I. I. Chundrigar Road,central_business_district,2026-06-08
CBD,Istanbul,other_unknown,2026-06-08
CBD,Kellyville Ridge,central_business_district,2026-06-08
CBD,Light rail in Sydney,other_unknown,2026-06-08
CBD,"George Town Central Business District, Penang",central_business_district,2026-06-08
CBD,List of tech parks and business parks in Kolkata,other_unknown,2026-06-08
CBD,Beijing,other_unknown,2026-06-08
CBD,New York (state),other_unknown,2026-06-08
CBD,Sydney Metro (2008 proposal),central_business_district,2026-06-08
CBD,"Foreshore, Cape Town",other_unknown,2026-06-08
CBD,Copa dos Campeões da Copa Brasil,other_unknown,2026-06-08
CBD,"Ipswich (suburb), Queensland",other_unknown,2026-06-08
CBD,"Box Hill, Victoria",central_business_district,2026-06-08
CBD,Liberia,other_unknown,2026-06-08
CBD,List of tallest buildings in Perth,central_business_district,2026-06-08
CBD,Adelaide city centre,central_business_district,2026-06-08
CBD,Nagoya Protocol,other_unknown,2026-06-08
CBD,Murder of Lilie James,other_unknown,2026-06-08
CBD,Bunbury (suburb),central_business_district,2026-06-08
CBD,National Socialist Network,other_unknown,2026-06-08
CBD,Tilray,cannabidiol,2026-06-08
CBD,CBD Media,other_unknown,2026-06-08
CBD,Seabee,other_unknown,2026-06-08
CBD,"Benoni, South Africa",other_unknown,2026-06-08
CBD,Cali Fund,other_unknown,2026-06-08
CBD,Psychosis,cannabidiol,2026-06-08
CBD,Joint Program Executive Office Chemical and Biological Defense,other_unknown,2026-06-08
CBD,Cairns City,central_business_district,2026-06-08
CBD,Sydney Metro,other_unknown,2026-06-08
CBD,List of Brazilian football champions,other_unknown,2026-06-08
CBD,Parramatta,central_business_district,2026-06-08
CBD,"Haymarket, New South Wales",central_business_district,2026-06-08
CBD,North Shore (Sydney),other_unknown,2026-06-08
CBD,Downtown Kansas City,central_business_district,2026-06-08
CBD,M4 (Durban),central_business_district,2026-06-08
CBD,Murder of Lilie James,other_unknown,2026-06-08
CBD,University of New South Wales,central_business_district,2026-06-08
CBD,Taichung Time Square CBD,other_unknown,2026-06-08
CBD,"Assistant Secretary of Defense for Nuclear Deterrence, Chemical, and Biological Defense Policy and Programs",other_unknown,2026-06-08
CBD,Downtown Calgary,central_business_district,2026-06-08
CBD,Cannabidiol diacetate,cannabidiol,2026-06-08
CBD,Copa dos Campeões da Copa Brasil,other_unknown,2026-06-08
CBD,Kigali,other_unknown,2026-06-08
CBD,Mediterranean Sea,other_unknown,2026-06-08
CBD,Dronabinol,cannabidiol,2026-06-08
CBD,Shenzhen,other_unknown,2026-06-08
CBD,Δ8-Tetrahydrocannabinol,cannabidiol,2026-06-08
CBD,New Plymouth Central,central_business_district,2026-06-08
CBD,List of tallest buildings in Perth,central_business_district,2026-06-08
CBD,Bunbury (suburb),central_business_district,2026-06-08
CBD,Lanes and arcades of Melbourne,central_business_district,2026-06-08
CBD,Traditional knowledge,other_unknown,2026-06-08
CBD,I. I. Chundrigar Road,central_business_district,2026-06-08
CBD,Adderley Street,central_business_district,2026-06-08
CBD,Guangzhou,other_unknown,2026-06-08
CBD,Tulsi Gabbard,other_unknown,2026-06-08
CBD,Rea Vaya,other_unknown,2026-06-08
CBD,Makati Central Business District,central_business_district,2026-06-08
CBD,John Hartson,other_unknown,2026-06-08
CBD,Moomba Festival,other_unknown,2026-06-08
CBD,March for Australia,other_unknown,2026-06-08
CBD,Esperance (suburb),central_business_district,2026-06-08
CBD,Agrabad,central_business_district,2026-06-08
CBD,Pullman Jakarta Indonesia Thamrin CBD,other_unknown,2026-06-08
CBD,Abnormal cannabidiol,cannabidiol,2026-06-08
CBD,"Central Business District, Manama",central_business_district,2026-06-08
CBD,Geelong city centre,central_business_district,2026-06-08
CBD,Super Lemon Haze,cannabidiol,2026-06-08
CBD,City centre,central_business_district,2026-06-08
CBD,Comparison of phytocannabinoids,cannabidiol,2026-06-08
CBD,ALS,corticobasal_degeneration,2026-06-08
CBD,Community-driven development,other_unknown,2026-06-08
CBD,"Atlantic Seaboard, Cape Town",other_unknown,2026-06-08
CBD,Cannabis in Japan,cannabidiol,2026-06-08
CBD,"Salt River, Cape Town",other_unknown,2026-06-08
CBD,Severe weather events in Sydney,other_unknown,2026-06-08
CBD,Cannabis in Iowa,cannabidiol,2026-06-08
CBD,Giyani,other_unknown,2026-06-08
CBD,DHS Chemical and Biological Defense Division,other_unknown,2026-06-08
CBD,Bengaluru Central Business District,central_business_district,2026-06-08
CBD,Pullman Jakarta Indonesia Thamrin CBD,other_unknown,2026-06-08
CBD,Greater Downtown Miami,central_business_district,2026-06-08
CBD,Point Piper,other_unknown,2026-06-08
CBD,"Second Harbour Crossing, Auckland",other_unknown,2026-06-08
CBD,Pythagorean theorem,other_unknown,2026-06-08
CBD,BigCommerce,other_unknown,2026-06-08
CBD,Rio Convention,other_unknown,2026-06-08
CBD,"West Melbourne, Victoria",central_business_district,2026-06-08
CBD,Paul Merson,other_unknown,2026-06-08
CBD,Hash oil,cannabidiol,2026-06-08
CBD,Carnegie Mellon University Computational Biology Department,other_unknown,2026-06-08
CBD,Larson Air Force Base,central_business_district,2026-06-08
CBD,Hosier Lane,central_business_district,2026-06-08
CBD,"Buffalo, New York",other_unknown,2026-06-08
CBD,Division of Wentworth,other_unknown,2026-06-08
CBD,Metro Tunnel,other_unknown,2026-06-08
CBD,Central Business District (Miami),central_business_district,2026-06-08
CBD,Downtown Paterson,central_business_district,2026-06-08
CBD,"Wilton, New South Wales",other_unknown,2026-06-08
CBD,Corticobasal syndrome,corticobasal_degeneration,2026-06-08
CBD,"Creek Street, Brisbane",central_business_district,2026-06-08
CBD,List of tallest buildings and structures in Egypt,other_unknown,2026-06-08
CBD,Tim Maia (album),other_unknown,2026-06-08
CBD,Rea Vaya,other_unknown,2026-06-08
CBD,Cannabis in Indiana,cannabidiol,2026-06-08
CBD,2007 Melbourne CBD shootings,central_business_district,2026-06-08
CBD,Cannabis in South Carolina,cannabidiol,2026-06-08
CBD,"Charters Towers City, Queensland",central_business_district,2026-06-08
CBD,Banksy,other_unknown,2026-06-08
CBD,List of Sydney light rail stops,central_business_district,2026-06-08
CBD,Common bile duct,common_bile_duct,2026-06-08
CBD,Cannabis in Colorado,cannabidiol,2026-06-08
CBD,"Springs, South Africa",central_business_district,2026-06-08
CBD,BasiGo,other_unknown,2026-06-08
CBD,Cabramatta,central_business_district,2026-06-08
CBD,"South Perth, Western Australia",central_business_district,2026-06-08
CBD,"Frankston, Victoria",central_business_district,2026-06-08
CBD,"Central Business District, Manama",central_business_district,2026-06-08
CBD,Super Lemon Haze,cannabidiol,2026-06-08
CBD,"Tianhe, Guangzhou",other_unknown,2026-06-08
CBD,University of Newcastle (Australia),other_unknown,2026-06-08
CBD,Cabramatta,central_business_district,2026-06-08
CBD,Cannabis in Iowa,cannabidiol,2026-06-08
CBD,Banksy,other_unknown,2026-06-08
CBD,XXXX (beer),other_unknown,2026-06-08
CBD,List of public art in Western Australia,other_unknown,2026-06-08
CBD,Demographics of Melbourne,other_unknown,2026-06-08
CBD,Tetrahydrocannabinol/cannabidiol,cannabidiol,2026-06-08
CBD,La Trobe University,other_unknown,2026-06-08
CBD,"Windsor, Victoria",central_business_district,2026-06-08
CBD,Geelong city centre,central_business_district,2026-06-08
CBD,Esperance (suburb),central_business_district,2026-06-08
CBD,Canberra,other_unknown,2026-06-08
CBD,Ulipristal acetate,other_unknown,2026-06-08
CBD,Kigali,other_unknown,2026-06-08
CBD,Logan Central,central_business_district,2026-06-08
CBD,Matt Le Tissier,other_unknown,2026-06-08
CBD,R80 (South Africa),other_unknown,2026-06-08
CBD,Climate of Sydney,other_unknown,2026-06-08
CBD,Upper Hutt Central,other_unknown,2026-06-08
CBD,Lenasia,other_unknown,2026-06-08
CBD,"Springs, South Africa",central_business_district,2026-06-08
CBD,Cape Town railway station,central_business_district,2026-06-08
CBD,Cannabidiorcol,cannabidiol,2026-06-08
CBD,"Rosebank, Gauteng",other_unknown,2026-06-08
CBD,"Marina Bay, Singapore",central_business_district,2026-06-08
CBD,5F-ADB,cannabidiol,2026-06-08
CBD,Accra,other_unknown,2026-06-08
CBD,Cannabis in Colorado,cannabidiol,2026-06-08
CBD,Article 2 paragraph 9 of the Single Convention on narcotic drugs,cannabidiol,2026-06-08
CBD,Burundi,other_unknown,2026-06-08
CBD,Navi Mumbai Municipal Corporation,other_unknown,2026-06-08
CBD,Line 28 (Beijing Subway),other_unknown,2026-06-08
CBD,New Plymouth Central,central_business_district,2026-06-08
CBD,Zone of transition,central_business_district,2026-06-08
CBD,"Lake Manchester, Queensland",other_unknown,2026-06-08
CBD,Medical cannabis in the United States,cannabidiol,2026-06-08
CBD,Cannabis in Virginia,cannabidiol,2026-06-08
CBD,Electronic cigarette,other_unknown,2026-06-08
CBD,Cannabinol,cannabidiol,2026-06-08
CBD,Greg Abbott,other_unknown,2026-06-08
CBD,Celebrate Bisexuality Day,other_unknown,2026-06-08
CBD,Eastern Suburbs (Sydney),other_unknown,2026-06-08
CBD,"Bella Vista, New South Wales",central_business_district,2026-06-08
CBD,D2 Subway,central_business_district,2026-06-08
CBD,Cannabis in Kansas,cannabidiol,2026-06-08
CBD,Substance Access Beneficiary Engagement Incentive,cannabidiol,2026-06-08
CBD,Tetrahydrocannabinolic acid,cannabidiol,2026-06-08
CBD,List of tallest buildings in Australia,other_unknown,2026-06-08
CBD,List of universities and colleges in Kenya,other_unknown,2026-06-08
weed,Weed,place,2026-06-08
weed,Weed (disambiguation),agricultural,2026-06-08
weed,"Weed, California",place,2026-06-08
weed,Barrett Wilbert Weed,agricultural,2026-06-08
weed,Alex Weed,agricultural,2026-06-08
weed,Weed (manga),agricultural,2026-06-08
weed,Noxious weed,agricultural,2026-06-08
weed,Asclepias tuberosa,agricultural,2026-06-08
weed,Jimson Weed (painting),agricultural,2026-06-08
weed,Weed control,agricultural,2026-06-08
weed,Onion weed,place,2026-06-08
weed,Sorrel–Weed House,place,2026-06-08
weed,Herbicide,agricultural,2026-06-08
weed,Cannabis (drug),cannabis,2026-06-08
weed,Vavilovian mimicry,agricultural,2026-06-08
weed,Datura stramonium,agricultural,2026-06-08
weed,Bishop's weed,agricultural,2026-06-08
weed,Weed (surname),agricultural,2026-06-08
weed,Mama Weed,media,2026-06-08
weed,Thurlow Weed,agricultural,2026-06-08
weed,Weed Eater,agricultural,2026-06-08
weed,Phytolacca americana,agricultural,2026-06-08
weed,Jeremiah Weed,agricultural,2026-06-08
weed,Legality of cannabis,cannabis,2026-06-08
weed,"Weed, New Mexico",place,2026-06-08
weed,String trimmer,agricultural,2026-06-08
weed,Tribulus terrestris,agricultural,2026-06-08
weed,Squaw weed,agricultural,2026-06-08
weed,Roundup (herbicide),agricultural,2026-06-08
weed,Eutrochium purpureum,agricultural,2026-06-08
weed,Skunk weed,cannabis,2026-06-08
weed,420 (cannabis culture),cannabis,2026-06-08
weed,Aquatic weed harvester,agricultural,2026-06-08
weed,Speed Weed,media,2026-06-08
weed,Parthenium hysterophorus,agricultural,2026-06-08
weed,Ageratum conyzoides,agricultural,2026-06-08
weed,Scoparia dulcis,agricultural,2026-06-08
weed,Stellaria media,agricultural,2026-06-08
weed,Bobby Weed,agricultural,2026-06-08
weed,Kent Weed,agricultural,2026-06-08
weed,Verbascum thapsus,agricultural,2026-06-08
weed,Colic weed,agricultural,2026-06-08
weed,Wildwood Weed,place,2026-06-08
weed,Sanjay Gupta,place,2026-06-08
weed,Tim Weed,media,2026-06-08
weed,Mechanical weed control,agricultural,2026-06-08
weed,Battery Weed,place,2026-06-08
weed,The Freed Weed,media,2026-06-08
weed,Lawrence Weed,agricultural,2026-06-08
weed,Henry I. Weed,place,2026-06-08
weed,Verbascum thapsus,agricultural,2026-06-08
weed,BBCH-scale (weed),agricultural,2026-06-08
weed,Wildwood Weed,place,2026-06-08
weed,Keith Weed,agricultural,2026-06-08
weed,George Weed,agricultural,2026-06-08
weed,Soliva sessilis,place,2026-06-08
weed,Weed Forestin',cannabis,2026-06-08
weed,Sanjay Gupta,place,2026-06-08
weed,Euphorbia peplus,agricultural,2026-06-08
weed,Feral cannabis,cannabis,2026-06-08
weed,Smith Mead Weed,place,2026-06-08
weed,Epimedium,agricultural,2026-06-08
weed,Isatis tinctoria,agricultural,2026-06-08
weed,Motown,place,2026-06-08
weed,Solanum mauritianum,agricultural,2026-06-08
weed,Dichondra repens,agricultural,2026-06-08
weed,Horsefly weed,agricultural,2026-06-08
weed,Hypericum perforatum,agricultural,2026-06-08
weed,Weed Wars,cannabis,2026-06-08
weed,Yellow-weed,agricultural,2026-06-08
weed,Asclepias,agricultural,2026-06-08
weed,Weed shiner,agricultural,2026-06-08
weed,Rattlesnake weed,agricultural,2026-06-08
weed,Scurvy weed,agricultural,2026-06-08
weed,Weed identification,agricultural,2026-06-08
weed,Packera aurea,agricultural,2026-06-08
weed,Weed Airport,place,2026-06-08
weed,Heracleum mantegazzianum,agricultural,2026-06-08
weed,Price of Weed,cannabis,2026-06-08
weed,Phencyclidine,cannabis,2026-06-08
weed,Amaranthus palmeri,agricultural,2026-06-08
weed,Weed Science Society of America,agricultural,2026-06-08
weed,Weed Lake,agricultural,2026-06-08
weed,Gas station weed,cannabis,2026-06-08
weed,Turtle weed,agricultural,2026-06-08
weed,Potato weed,agricultural,2026-06-08
weed,Hibiscus trionum,agricultural,2026-06-08
weed,Abner Weed,place,2026-06-08
weed,Chromolaena odorata,agricultural,2026-06-08
weed,Weed Bus,media,2026-06-08
weed,The Sot-Weed Factor,media,2026-06-08
weed,Weed Patch Hill,place,2026-06-08
weed,Posidonia australis,media,2026-06-08
weed,Community Capacity Development Office,place,2026-06-08
weed,Seaweed,place,2026-06-08
weed,The Sot-Weed Factor (poem),agricultural,2026-06-08
weed,Matricaria discoidea,agricultural,2026-06-08
weed,Strawberry Weed,media,2026-06-08
weed,Weed science,agricultural,2026-06-08
weed,SpeedWeed,cannabis,2026-06-08
weed,List of VeggieTales videos,media,2026-06-08
weed,The Sot-Weed Factor (novel),media,2026-06-08
weed,Erigeron canadensis,agricultural,2026-06-08
weed,Solanum carolinense,agricultural,2026-06-08
weed,Harold Weed,media,2026-06-08
weed,Wiz Khalifa,cannabis,2026-06-08
weed,Eriodictyon californicum,agricultural,2026-06-08
weed,Gas station weed,cannabis,2026-06-08
weed,Weed Lake,agricultural,2026-06-08
weed,Weed Science Society of America,agricultural,2026-06-08
weed,Weeder,agricultural,2026-06-08
weed,Akiva Goldsman,media,2026-06-08
weed,Weed High School,place,2026-06-08
weed,Sargassum,agricultural,2026-06-08
weed,Invasive species,agricultural,2026-06-08
weed,Alternanthera philoxeroides,agricultural,2026-06-08
weed,Hibiscus trionum,agricultural,2026-06-08
weed,Trodden Weed,agricultural,2026-06-08
weed,Preemergent herbicide,media,2026-06-08
weed,The Sot-Weed Factor (poem),agricultural,2026-06-08
weed,Weed Out!,media,2026-06-08
weed,Grime music,media,2026-06-08
weed,Weed Country,cannabis,2026-06-08
weed,Veronica filiformis,agricultural,2026-06-08
weed,Sisters of the Valley,cannabis,2026-06-08
weed,Catharine Weed Barnes,agricultural,2026-06-08
weed,List of Silver Fang characters,agricultural,2026-06-08
weed,Janjaweed,place,2026-06-08
weed,Spirogyra,agricultural,2026-06-08
weed,Teyck Weed,agricultural,2026-06-08
weed,Lobelia inflata,agricultural,2026-06-08
weed,Impatiens,agricultural,2026-06-08
weed,Flannel weed,agricultural,2026-06-08
weed,"Weed Heights, Nevada",place,2026-06-08
weed,"Gypsies, Tramps and Weed",media,2026-06-08
weed,Weed the People,cannabis,2026-06-08
weed,Oxygen weed,agricultural,2026-06-08
weed,Blue weed whiting,agricultural,2026-06-08
weed,Cannabis smoking,cannabis,2026-06-08
weed,Agasicles hygrophila,agricultural,2026-06-08
weed,Gideon A. Weed,agricultural,2026-06-08
weed,Ambrosia artemisiifolia,agricultural,2026-06-08
weed,Rumex,agricultural,2026-06-08
weed,W.E.E.D.,media,2026-06-08
weed,Ammi majus,agricultural,2026-06-08
weed,Dill,other_unknown,2026-06-08
weed,Millard Fillmore,agricultural,2026-06-08
weed,Weed Land,cannabis,2026-06-08
weed,Ironweed,media,2026-06-08
weed,Stephen H. Weed,agricultural,2026-06-08
weed,LeRoy J. Weed,agricultural,2026-06-08
weed,Asclepias curassavica,agricultural,2026-06-08
weed,Beneficial weed,agricultural,2026-06-08
weed,List of Family Guy characters,media,2026-06-08
weed,Baccharis neglecta,agricultural,2026-06-08
weed,Mount Weed,agricultural,2026-06-08
weed,Cardamine hirsuta,agricultural,2026-06-08
weed,Weed (album),media,2026-06-08
weed,Oxygen weed,agricultural,2026-06-08
weed,"Gypsies, Tramps and Weed",media,2026-06-08
weed,Coke Weed,media,2026-06-08
weed,Stephen H. Weed,agricultural,2026-06-08
weed,Helena Hill Weed,agricultural,2026-06-08
weed,Craft Weed,cannabis,2026-06-08
weed,WEED (AM),agricultural,2026-06-08
weed,Imperata cylindrica,agricultural,2026-06-08
weed,The Sot-Weed Factor,media,2026-06-08
weed,Hygrophila polysperma,agricultural,2026-06-08
weed,Where's Weed,cannabis,2026-06-08
weed,Lemnoideae,agricultural,2026-06-08
weed,Cindy Weed,agricultural,2026-06-08
weed,Symplocarpus foetidus,agricultural,2026-06-08
weed,Weedmaps,cannabis,2026-06-08
weed,Chamaenerion angustifolium,agricultural,2026-06-08
weed,Marion Weed,agricultural,2026-06-08
weed,Flannel weed,agricultural,2026-06-08
weed,Eutrochium fistulosum,agricultural,2026-06-08
weed,Senna occidentalis,agricultural,2026-06-08
weed,Zea (plant),agricultural,2026-06-08
weed,Euphorbia myrsinites,agricultural,2026-06-08
weed,Bidens frondosa,agricultural,2026-06-08
weed,Cuscuta,agricultural,2026-06-08
weed,Edwin Gardner Weed,agricultural,2026-06-08
weed,Cirsium arvense,agricultural,2026-06-08
weed,Glyphosate,agricultural,2026-06-08
weed,Drug Church,media,2026-06-08
weed,Crop weed,agricultural,2026-06-08
weed,Get the Weed,cannabis,2026-06-08
weed,Ora Rush Weed,place,2026-06-08
weed,Turpentine weed,agricultural,2026-06-08
weed,Elizabeth Weed,agricultural,2026-06-08
weed,Mount Shasta Brewing Company,place,2026-06-08
weed,Abby Weed Grey,agricultural,2026-06-08
weed,Ethel Weed,agricultural,2026-06-08
weed,Weed of cultivation,agricultural,2026-06-08
weed,Flower Pot Men,media,2026-06-08
weed,Oxalis pes-caprae,agricultural,2026-06-08
weed,Cannabis in the Netherlands,cannabis,2026-06-08
weed,The Next Episode,media,2026-06-08
weed,Weed Instead of Roses,media,2026-06-08
weed,Cannabis edible,cannabis,2026-06-08
weed,Achillea millefolium,agricultural,2026-06-08
weed,Ribbon weed,agricultural,2026-06-08
weed,Cyperus esculentus,agricultural,2026-06-08
weed,Tad Weed,agricultural,2026-06-08
weed,Ageratina adenophora,agricultural,2026-06-08
weed,Cannabis in the Netherlands,cannabis,2026-06-08
weed,Evil Bong,cannabis,2026-06-08
weed,Eutrochium fistulosum,agricultural,2026-06-08
weed,Reynoutria japonica,agricultural,2026-06-08
weed,Glechoma hederacea,agricultural,2026-06-08
weed,Lemnoideae,agricultural,2026-06-08
weed,Ella Weed,agricultural,2026-06-08
weed,Ambrosia trifida,agricultural,2026-06-08
weed,Episcopal Diocese of Florida,place,2026-06-08
weed,Camphorweed,other_unknown,2026-06-08
weed,Hypsigenyinae,agricultural,2026-06-08
weed,Salvinia molesta,agricultural,2026-06-08
weed,Smoke the Weed,media,2026-06-08
weed,AK-47 (cannabis),cannabis,2026-06-08
weed,Baccharis halimifolia,agricultural,2026-06-08
weed,Cannabis in Canada,cannabis,2026-06-08
weed,Iva annua,agricultural,2026-06-08
weed,Fucus vesiculosus,agricultural,2026-06-08
weed,Broadleaf weeds,agricultural,2026-06-08
weed,Roll Deep,media,2026-06-08
weed,The Weed Tree,media,2026-06-08
weed,Senna obtusifolia,agricultural,2026-06-08
weed,Cyperus brevifolius,agricultural,2026-06-08
weed,Goatweed,other_unknown,2026-06-08
weed,Cirsium vulgare,agricultural,2026-06-08
weed,Legendary Moonlight Sculptor,media,2026-06-08
weed,Stoner rock,cannabis,2026-06-08
weed,Galega officinalis,agricultural,2026-06-08
weed,Persicaria lapathifolia,agricultural,2026-06-08
weed,List of names for cannabis,cannabis,2026-06-08
weed,American Weed,cannabis,2026-06-08
weed,Cannabis in the United States,cannabis,2026-06-08
weed,Carduus pycnocephalus,agricultural,2026-06-08
weed,Reynolds-Weed House,agricultural,2026-06-08
weed,Cannabis tea,cannabis,2026-06-08
weed,Lolium temulentum,agricultural,2026-06-08
weed,How High 2,cannabis,2026-06-08
weed,Meat Weed Madness,media,2026-06-08
weed,Agricultural weed syndrome,agricultural,2026-06-08
weed,Weed the People (book),cannabis,2026-06-08
weed,George S. Weed,agricultural,2026-06-08
weed,Eupatorium macrocephalum,agricultural,2026-06-08
weed,Hypochaeris radicata,agricultural,2026-06-08
weed,Kosteletzkya pentacarpos,agricultural,2026-06-08
weed,Credigree Weed St. Patrick's Day Special,media,2026-06-08
weed,Kosteletzkya pentacarpos,agricultural,2026-06-08
weed,Tad Weed,agricultural,2026-06-08
weed,Cladophora,agricultural,2026-06-08
weed,Stachys floridana,agricultural,2026-06-08
weed,California State Route 265,place,2026-06-08
weed,How High 2,cannabis,2026-06-08
weed,Luniz,place,2026-06-08
weed,Fatoua villosa,agricultural,2026-06-08
weed,Petiveria,agricultural,2026-06-08
weed,Cannabis in Canada,cannabis,2026-06-08
weed,Pseudognaphalium luteoalbum,agricultural,2026-06-08
weed,Pseudomonacanthus macrurus,agricultural,2026-06-08
weed,Tridax procumbens,agricultural,2026-06-08
weed,Brave New Weed,cannabis,2026-06-08
weed,Senna obtusifolia,agricultural,2026-06-08
weed,Urena lobata,agricultural,2026-06-08
weed,Mulch,agricultural,2026-06-08
weed,WeedTuber,cannabis,2026-06-08
weed,Ageratum houstonianum,agricultural,2026-06-08
weed,Proserpinaca palustris,agricultural,2026-06-08
weed,Euphorbia hirta,agricultural,2026-06-08
weed,Grey Art Museum,place,2026-06-08
weed,Carduus pycnocephalus,agricultural,2026-06-08
weed,Calyptocarpus vialis,agricultural,2026-06-08
weed,Cover crop,agricultural,2026-06-08
weed,Centipeda cunninghamii,agricultural,2026-06-08
weed,Veronica serpyllifolia,agricultural,2026-06-08
weed,Ambrosia dumosa,agricultural,2026-06-08
weed,Croton texensis,agricultural,2026-06-08
weed,Adzuki bean,other_unknown,2026-06-08
weed,Chevreulia acuminata,agricultural,2026-06-08
weed,Johnny the Fox,media,2026-06-08
weed,Anna Weed Prosser,agricultural,2026-06-08
weed,Biological control of weeds in New Zealand,place,2026-06-08
weed,Alisma plantago-aquatica,agricultural,2026-06-08
weed,Solanum nigrum,agricultural,2026-06-08
weed,Coffeeweed,agricultural,2026-06-08
weed,George L. Weed,agricultural,2026-06-08
weed,Reseda luteola,agricultural,2026-06-08
weed,Grass carp,agricultural,2026-06-08
weed,Justin Weed House,agricultural,2026-06-08
weed,She Shoulda Said No!,cannabis,2026-06-08
weed,Arcola malloi,media,2026-06-08
weed,Herb grinder,cannabis,2026-06-08
weed,Pond-Weed House,agricultural,2026-06-08
weed,Locoweed,agricultural,2026-06-08
weed,Companion planting,agricultural,2026-06-08
weed,Edward P. Weed,agricultural,2026-06-08
weed,Persicaria minor,agricultural,2026-06-08
horse,Horse,equine,2026-06-08
horse,Horse (disambiguation),equine,2026-06-08
horse,Horse racing,equine,2026-06-08
horse,Przewalski's horse,equine,2026-06-08
horse,Equestrianism,equine,2026-06-08
horse,Trojan Horse,metaphor,2026-06-08
horse,Enumclaw horse sex case,equine,2026-06-08
horse,Draft horse,equine,2026-06-08
horse,Wild horse,equine,2026-06-08
horse,Dark Horse (2026 film),equine,2026-06-08
horse,Stalking horse,equine,2026-06-08
horse,Charley horse,equine,2026-06-08
horse,Horse meat,equine,2026-06-08
horse,Dark Horse Comics,equine,2026-06-08
horse,Dark Horse,equine,2026-06-08
horse,Four Horsemen of the Apocalypse,equine,2026-06-08
horse,Horse for Horse,equine,2026-06-08
horse,Horsepower,equine,2026-06-08
horse,Horse (zodiac),equine,2026-06-08
horse,Crazy Horse Memorial,equine,2026-06-08
horse,Horse Powertrain,equine,2026-06-08
horse,Crazy Horse,equine,2026-06-08
horse,War Horse (film),equine,2026-06-08
horse,Thoroughbred,equine,2026-06-08
horse,Dala horse,equine,2026-06-08
horse,Stallion,equine,2026-06-08
horse,Aesculus hippocastanum,equine,2026-06-08
horse,The Horse in Motion,equine,2026-06-08
horse,Arabian horse,equine,2026-06-08
horse,A Horse with No Name,equine,2026-06-08
horse,Seahorse,seahorse,2026-06-08
horse,Neil Young,equine,2026-06-08
horse,Horse breeding,equine,2026-06-08
horse,An Horse,equine,2026-06-08
horse,Mare,equine,2026-06-08
horse,Bay (horse),equine,2026-06-08
horse,Tabanidae,equine,2026-06-08
horse,Shire horse,equine,2026-06-08
horse,Friesian horse,equine,2026-06-08
horse,Secretariat (horse),equine,2026-06-08
horse,9th Horse (Deccan Horse),equine,2026-06-08
horse,Nathan Chasing Horse,equine,2026-06-08
horse,Horse Chestnut (horse),equine,2026-06-08
horse,Andalusian horse,equine,2026-06-08
horse,American Quarter Horse,equine,2026-06-08
horse,1st Horse (Skinner's Horse),equine,2026-06-08
horse,Iron horse,equine,2026-06-08
horse,The Horse,equine,2026-06-08
horse,Prancing Horse,equine,2026-06-08
horse,Jingle Bells,equine,2026-06-08
horse,Limbs of the horse,equine,2026-06-08
horse,Andalusian horse,equine,2026-06-08
horse,Colt (horse),equine,2026-06-08
horse,Prancing Horse,equine,2026-06-08
horse,The Horse,equine,2026-06-08
horse,Clydesdale horse,equine,2026-06-08
horse,Aesculus,equine,2026-06-08
horse,HORSE (poker),equine,2026-06-08
horse,Fire Horse,equine,2026-06-08
horse,Mustang,equine,2026-06-08
horse,The Horse Whisperer (film),equine,2026-06-08
horse,Miniature horse,equine,2026-06-08
horse,Belgian horse,equine,2026-06-08
horse,Hooded Horse,equine,2026-06-08
horse,Stalking horse offer,equine,2026-06-08
horse,Dark horse,equine,2026-06-08
horse,Fenomeno (horse),equine,2026-06-08
horse,List of equestrian sports,equine,2026-06-08
horse,Hobby horsing,equine,2026-06-08
horse,Badminton Horse Trials,equine,2026-06-08
horse,Richard III (play),other_unknown,2026-06-08
horse,Pale horse,equine,2026-06-08
horse,Horse latitudes,equine,2026-06-08
horse,Gray horse,equine,2026-06-08
horse,Gypsy horse,equine,2026-06-08
horse,The Pale Horse,equine,2026-06-08
horse,The Horse Whisperer,equine,2026-06-08
horse,Flightline (horse),equine,2026-06-08
horse,Black Horse,equine,2026-06-08
horse,4th Horse (Hodson's Horse),equine,2026-06-08
horse,Icelandic horse,equine,2026-06-08
horse,Michael Horse,equine,2026-06-08
horse,Gold Ship,equine,2026-06-08
horse,Solanum,equine,2026-06-08
horse,Domestication of the horse,equine,2026-06-08
horse,Evolution of the horse,equine,2026-06-08
horse,Mongolian horse,equine,2026-06-08
horse,Triple Crown of Thoroughbred Racing (United States),equine,2026-06-08
horse,List of gaited horse breeds,equine,2026-06-08
horse,White horse (disambiguation),equine,2026-06-08
horse,Sham (horse),equine,2026-06-08
horse,Horse Girl,equine,2026-06-08
horse,Horses in warfare,equine,2026-06-08
horse,Horse tack,equine,2026-06-08
horse,Trojan Horse scandal,metaphor,2026-06-08
horse,Horseshoe,equine,2026-06-08
horse,17th Horse (Poona Horse),equine,2026-06-08
horse,Zebra,equine,2026-06-08
horse,Slow Horses,equine,2026-06-08
horse,Milton William Cooper,equine,2026-06-08
horse,17th Horse (Poona Horse),equine,2026-06-08
horse,Marengo (horse),equine,2026-06-08
horse,Zebra,equine,2026-06-08
horse,Slow Horses,equine,2026-06-08
horse,Milton William Cooper,equine,2026-06-08
horse,List of gaited horse breeds,equine,2026-06-08
horse,Trigger (horse),equine,2026-06-08
horse,Horse-drawn vehicle,equine,2026-06-08
horse,Arion (horse),equine,2026-06-08
horse,Sampson (horse),equine,2026-06-08
horse,Unicorn,equine,2026-06-08
horse,Barbaro (horse),equine,2026-06-08
horse,Equinox (horse),equine,2026-06-08
horse,Pommel horse,metaphor,2026-06-08
horse,Contrail (horse),equine,2026-06-08
horse,Horse mackerel,equine,2026-06-08
horse,Man o' War,equine,2026-06-08
horse,Livery yard,equine,2026-06-08
horse,Jockey,equine,2026-06-08
horse,Horse Rotorvator,equine,2026-06-08
horse,Wild Horse Nine,equine,2026-06-08
horse,Turkoman horse,equine,2026-06-08
horse,Horse gait,equine,2026-06-08
horse,Mule,equine,2026-06-08
horse,5th Horse (Probyn's Horse),equine,2026-06-08
horse,Horse Marines,equine,2026-06-08
horse,List of legendary creatures by type,other_unknown,2026-06-08
horse,Horse culture,equine,2026-06-08
horse,White horse,equine,2026-06-08
horse,Morgan horse,equine,2026-06-08
horse,Cavalry,equine,2026-06-08
horse,See a man about a dog,equine,2026-06-08
horse,Uffington White Horse,equine,2026-06-08
horse,Group races,equine,2026-06-08
horse,Nixie (folklore),other_unknown,2026-06-08
horse,Citation (horse),equine,2026-06-08
horse,List of horses in mythology and folklore,equine,2026-06-08
horse,Pop Rock (horse),equine,2026-06-08
horse,Appeal to ridicule,equine,2026-06-08
horse,Sovereignty (horse),equine,2026-06-08
horse,Aesculus californica,equine,2026-06-08
horse,Horse Soldier! Horse Soldier!,equine,2026-06-08
horse,Saddle,equine,2026-06-08
horse,AIDS (Trojan horse),metaphor,2026-06-08
horse,The Turin Horse,equine,2026-06-08
horse,Horse trading,equine,2026-06-08
horse,Filly,equine,2026-06-08
horse,Tarpan,equine,2026-06-08
horse,Bago (horse),equine,2026-06-08
horse,Bucking horse,equine,2026-06-08
horse,Sport horse,equine,2026-06-08
horse,Citation (horse),equine,2026-06-08
horse,Horse burial,equine,2026-06-08
horse,Hyracotherium,equine,2026-06-08
horse,Horse-ripping,equine,2026-06-08
horse,Horse mill,equine,2026-06-08
horse,Wild Horse Nine,equine,2026-06-08
horse,Equus conversidens,equine,2026-06-08
horse,Guide horse,equine,2026-06-08
horse,Pinto horse,equine,2026-06-08
horse,Blue Horse,equine,2026-06-08
horse,Trojan horse (computing),metaphor,2026-06-08
horse,Romantic Warrior (horse),equine,2026-06-08
horse,Donkey,equine,2026-06-08
horse,Sodashi (horse),equine,2026-06-08
horse,Horse culture,equine,2026-06-08
horse,Horse Soldier! Horse Soldier!,equine,2026-06-08
horse,Horse stance,equine,2026-06-08
horse,Cesario (horse),equine,2026-06-08
horse,Appaloosa,equine,2026-06-08
horse,Leonardo's horse,equine,2026-06-08
horse,Horse management,equine,2026-06-08
horse,Horse of the Year,equine,2026-06-08
horse,1st King's Dragoon Guards,equine,2026-06-08
horse,Riderless horse,equine,2026-06-08
horse,Forever Young (horse),equine,2026-06-08
horse,Horse collar,equine,2026-06-08
horse,Horse markings,equine,2026-06-08
horse,Stable,equine,2026-06-08
horse,Water horse,equine,2026-06-08
horse,Westbury White Horse,equine,2026-06-08
horse,Horse colic,equine,2026-06-08
horse,Horse harness,equine,2026-06-08
horse,Whitehorse,equine,2026-06-08
horse,List of fictional horses,equine,2026-06-08
horse,Grass Mud Horse,equine,2026-06-08
horse,Horse slaughter,equine,2026-06-08
horse,Horses in the United States,equine,2026-06-08
horse,Horse Guards,equine,2026-06-08
horse,High Horse,equine,2026-06-08
horse,Chariot,equine,2026-06-08
horse,Show jumping horse killings,equine,2026-06-08
horse,Lexington (horse),equine,2026-06-08
horse,American Paint Horse,equine,2026-06-08
horse,Bit (horse),equine,2026-06-08
horse,Eurasian nomads,equine,2026-06-08
horse,Roan (horse),equine,2026-06-08
horse,Gentleman of the Horse,equine,2026-06-08
horse,Justify (horse),equine,2026-06-08
horse,Red Horse Beer,equine,2026-06-08
horse,Eurasian nomads,equine,2026-06-08
horse,Roan (horse),equine,2026-06-08
horse,Gentleman of the Horse,equine,2026-06-08
horse,Horse hoof,equine,2026-06-08
horse,Justify (horse),equine,2026-06-08
horse,Red Horse Beer,equine,2026-06-08
horse,American Paint Horse,equine,2026-06-08
horse,Horse behavior,equine,2026-06-08
horse,Horsewhip,equine,2026-06-08
horse,"Lexington, Kentucky",equine,2026-06-08
horse,Bankes's Horse,equine,2026-06-08
horse,All horses are the same color,equine,2026-06-08
horse,Horse ebooks,equine,2026-06-08
horse,Thoroughbred racing,equine,2026-06-08
horse,Diving horse,equine,2026-06-08
horse,Bit (horse),equine,2026-06-08
horse,Troop,equine,2026-06-08
horse,White Horse Dialogue,equine,2026-06-08
horse,Barrel racing,equine,2026-06-08
horse,12 Strong,equine,2026-06-08
horse,Trojan Horse (disambiguation),metaphor,2026-06-08
horse,A Song for Europe (Father Ted),other_unknown,2026-06-08
horse,Seabiscuit,equine,2026-06-08
horse,Dead Horse,equine,2026-06-08
horse,Wind Horse,equine,2026-06-08
horse,The Rocking-Horse Winner,equine,2026-06-08
horse,Horsecar,equine,2026-06-08
horse,Sport horse,equine,2026-06-08
horse,Elecampane,equine,2026-06-08
horse,Battle of Beersheba (1917),equine,2026-06-08
horse,Crazy Horse (band),equine,2026-06-08
horse,Equus scotti,equine,2026-06-08
horse,Indian Horse,equine,2026-06-08
horse,Race track,equine,2026-06-08
horse,Great horse manure crisis of 1894,equine,2026-06-08
horse,Marche Lorraine (horse),equine,2026-06-08
horse,Caligula's Horse,equine,2026-06-08
horse,Horse ointment,equine,2026-06-08
horse,Horse cloning,equine,2026-06-08
horse,Government Offices Great George Street,equine,2026-06-08
horse,Mariah's Storm,equine,2026-06-08
horse,Horses in Iran,equine,2026-06-08
horse,Epsom Derby,equine,2026-06-08
horse,Horse coin,equine,2026-06-08
horse,1st The Royal Dragoons,equine,2026-06-08
horse,Courser (horse),equine,2026-06-08
horse,Equus giganteus,equine,2026-06-08
horse,Stud (animal),equine,2026-06-08
horse,Dressage,equine,2026-06-08
horse,Finnhorse,equine,2026-06-08
horse,Driving (horse),equine,2026-06-08
horse,Appleby Horse Fair,equine,2026-06-08
horse,Seabiscuit,equine,2026-06-08
horse,Riding horse,equine,2026-06-08
horse,Neil Young discography and filmography,other_unknown,2026-06-08
horse,Dandy horse,equine,2026-06-08
horse,Trail riding,equine,2026-06-08
horse,Flogging a dead horse,equine,2026-06-08
horse,Manure,other_unknown,2026-06-08
horse,Bret Weinstein,other_unknown,2026-06-08
horse,14th Horse (Scinde Horse),equine,2026-06-08
horse,American Pharoah,equine,2026-06-08
horse,River Horse,equine,2026-06-08
horse,Clothes horse,equine,2026-06-08
horse,Tornado (horse),equine,2026-06-08
horse,Zara Tindall,equine,2026-06-08
horse,Horse ebooks,equine,2026-06-08
horse,The Chronicles of Narnia,equine,2026-06-08
horse,The Water Horse: Legend of the Deep,equine,2026-06-08
horse,Macrotyloma uniflorum,equine,2026-06-08
horse,Comanche (horse),equine,2026-06-08
horse,Year of the Horse,equine,2026-06-08
horse,Kurdish horse,equine,2026-06-08
horse,List of Bureau of Land Management Herd Management Areas,equine,2026-06-08
horse,Eclipse (horse),equine,2026-06-08
horse,Horsehead Nebula,equine,2026-06-08
horse,Henry Lee III,equine,2026-06-08
horse,White Dragon Horse,equine,2026-06-08
horse,Garden-path sentence,other_unknown,2026-06-08
horse,Show jumping,equine,2026-06-08
horse,Cutting horse,equine,2026-06-08
horse,Corporal of horse,equine,2026-06-08
horse,Black Horse and the Cherry Tree,equine,2026-06-08
horse,Man versus Horse Marathon,equine,2026-06-08
horse,Horse racing in Japan,equine,2026-06-08
horse,Gelding,equine,2026-06-08
horse,Royal Horse Artillery,equine,2026-06-08
horse,Liniment,other_unknown,2026-06-08
horse,Hobby horse (toy),metaphor,2026-06-08
horse,Polo,equine,2026-06-08
horse,Avatar: The Last Airbender (franchise),other_unknown,2026-06-08
horse,Horsewhip,equine,2026-06-08
horse,List of U.S. state horses,equine,2026-06-08
horse,Ferghana horse,equine,2026-06-08
horse,Rex (horse),equine,2026-06-08
horse,Zebroid,equine,2026-06-08
horse,Traveller (horse),equine,2026-06-08
horse,Akhal-Teke,equine,2026-06-08
horse,Japan Cup,equine,2026-06-08
horse,Household Cavalry,equine,2026-06-08
AAS,AAS,other_unknown,2026-06-08
AAS,Ahmed al-Sharaa,other_unknown,2026-06-08
AAS,Aas (surname),other_unknown,2026-06-08
AAS,Anabolic steroid,anabolic_androgenic,2026-06-08
AAS,American Astronomical Society,astronomy,2026-06-08
AAS,AN/AAS-38,other_acronym,2026-06-08
AAS,Agnar Aas,other_unknown,2026-06-08
AAS,Kätlin Aas,other_unknown,2026-06-08
AAS,Atomic absorption spectroscopy,spectroscopy,2026-06-08
AAS,17α-Alkylated anabolic steroid,anabolic_androgenic,2026-06-08
AAS,Arne Aas,other_unknown,2026-06-08
AAS,List of androgen esters,anabolic_androgenic,2026-06-08
AAS,List of androgens/anabolic steroids available in the United States,anabolic_androgenic,2026-06-08
AAS,A.a.s (art group),other_unknown,2026-06-08
AAS,Aas-Jakobsen,other_unknown,2026-06-08
AAS,Anne Lise Aas,other_acronym,2026-06-08
AAS,Anglo-American School of Moscow,other_acronym,2026-06-08
AAS,List of androgens and anabolic steroids,anabolic_androgenic,2026-06-08
AAS,Einar Jan Aas,other_unknown,2026-06-08
AAS,Aas Paas,other_unknown,2026-06-08
AAS,Laiba Khan,other_unknown,2026-06-08
AAS,Nils Aas,other_unknown,2026-06-08
AAS,Armed Aerial Scout,other_acronym,2026-06-08
AAS,Androgen prohormone,anabolic_androgenic,2026-06-08
AAS,Dimethyltrienolone,anabolic_androgenic,2026-06-08
AAS,Metandienone,anabolic_androgenic,2026-06-08
AAS,Whistled language of Aas,other_unknown,2026-06-08
AAS,Trenbolone acetate,anabolic_androgenic,2026-06-08
AAS,Charles Liu,astronomy,2026-06-08
AAS,Taavi Aas,other_unknown,2026-06-08
AAS,Congruence (geometry),other_unknown,2026-06-08
AAS,Astri Aas-Hansen,other_unknown,2026-06-08
AAS,American Antiquarian Society,other_acronym,2026-06-08
AAS,Drostanolone,anabolic_androgenic,2026-06-08
AAS,Alexander Aas,other_unknown,2026-06-08
AAS,Australia,other_unknown,2026-06-08
AAS,Amr ibn al-As,other_unknown,2026-06-08
AAS,Stanozolol,anabolic_androgenic,2026-06-08
AAS,Jan Aas,other_unknown,2026-06-08
AAS,Bulletin of the American Astronomical Society,astronomy,2026-06-08
AAS,"Aas, Pyrénées-Atlantiques",other_unknown,2026-06-08
AAS,African Academy of Sciences,other_acronym,2026-06-08
AAS,Acute aortic syndrome,other_unknown,2026-06-08
AAS,Taylor County Airport (Kentucky),other_unknown,2026-06-08
AAS,Arne Aas (actor),other_unknown,2026-06-08
AAS,Bjarne Aas,other_unknown,2026-06-08
AAS,All-America Selections,other_unknown,2026-06-08
AAS,Umama bint Abi al-As,other_unknown,2026-06-08
AAS,Hans Aas,other_unknown,2026-06-08
AAS,Kari Aas,other_unknown,2026-06-08
AAS,Umama bint Abi al-As,other_unknown,2026-06-08
AAS,Apalapsili Airport,other_unknown,2026-06-08
AAS,Amino acid score,other_unknown,2026-06-08
AAS,All-America Selections,other_unknown,2026-06-08
AAS,Kari Aas,other_unknown,2026-06-08
AAS,Hans Aas,other_unknown,2026-06-08
AAS,American Astronautical Society,other_acronym,2026-06-08
AAS,Abu al-As ibn al-Rabi',other_unknown,2026-06-08
AAS,Pope Pius XII,other_unknown,2026-06-08
AAS,Annie Jump Cannon Award in Astronomy,astronomy,2026-06-08
AAS,Johan Aas,other_unknown,2026-06-08
AAS,Stenbolone,anabolic_androgenic,2026-06-08
AAS,Al-Hakam ibn Abi al-As,other_unknown,2026-06-08
AAS,Associate degree,other_acronym,2026-06-08
AAS,Drostanolone propionate,anabolic_androgenic,2026-06-08
AAS,Sun,astronomy,2026-06-08
AAS,AN/APS-154,other_acronym,2026-06-08
AAS,Karl Aas,other_acronym,2026-06-08
AAS,Mathias Widerøe-Aas,other_unknown,2026-06-08
AAS,Nandrolone decanoate,anabolic_androgenic,2026-06-08
AAS,Bjarne Aas,other_unknown,2026-06-08
AAS,Roald Aas,other_unknown,2026-06-08
AAS,Ulf Aas,other_unknown,2026-06-08
AAS,Rene Aas,other_unknown,2026-06-08
AAS,Raimo Aas,other_unknown,2026-06-08
AAS,Let's Encrypt,other_acronym,2026-06-08
AAS,Methasterone,anabolic_androgenic,2026-06-08
AAS,Syver Aas,other_unknown,2026-06-08
AAS,The Astronomical Journal,astronomy,2026-06-08
AAS,Aas Ka Panchhi,other_unknown,2026-06-08
AAS,Lockheed Martin F-35 Lightning II,other_acronym,2026-06-08
AAS,Jo Sondre Aas,other_unknown,2026-06-08
AAS,Boldenone undecylenate,anabolic_androgenic,2026-06-08
AAS,Alf-Jørgen Aas,other_unknown,2026-06-08
AAS,Tetrahydrogestrinone,anabolic_androgenic,2026-06-08
AAS,Ali ibn Abi al-As,other_unknown,2026-06-08
AAS,Uthman ibn Abi al-As,other_unknown,2026-06-08
AAS,Erling Aas-Eng,other_unknown,2026-06-08
AAS,Eman Esfandi,other_unknown,2026-06-08
AAS,Androgen ester,anabolic_androgenic,2026-06-08
AAS,Arto Aas,other_unknown,2026-06-08
AAS,Shekhar Ravjiani,other_unknown,2026-06-08
AAS,Our Lady of Fátima,other_unknown,2026-06-08
AAS,Sigrid Aas,other_unknown,2026-06-08
AAS,Pave Penny,other_unknown,2026-06-08
AAS,Bahrain,other_unknown,2026-06-08
AAS,Solar System,astronomy,2026-06-08
AAS,Eurocopter UH-72 Lakota,other_acronym,2026-06-08
AAS,Chlorodehydromethyltestosterone,anabolic_androgenic,2026-06-08
AAS,Satinder Sartaaj,other_unknown,2026-06-08
AAS,Anglo-American School of Sofia,other_acronym,2026-06-08
AAS,Automated attendant,other_acronym,2026-06-08
AAS,Boldenone,anabolic_androgenic,2026-06-08
AAS,Sri Lankan sporting disappearances,other_unknown,2026-06-08
AAS,Anguilla Air Services,other_unknown,2026-06-08
AAS,Association for Asian Studies,other_acronym,2026-06-08
AAS,Milky Way,astronomy,2026-06-08
AAS,Azad Adhikar Sena,other_unknown,2026-06-08
AAS,Methyltestosterone,anabolic_androgenic,2026-06-08
AAS,J. Om Prakash,other_unknown,2026-06-08
AAS,Per Almar Aas,other_unknown,2026-06-08
AAS,Clostebol,anabolic_androgenic,2026-06-08
AAS,Hisham ibn al-As,other_unknown,2026-06-08
AAS,Quinbolone,anabolic_androgenic,2026-06-08
AAS,Kristine Aas,other_unknown,2026-06-08
AAS,Aarskog–Scott syndrome,other_unknown,2026-06-08
AAS,Jan Petter Aas,other_unknown,2026-06-08
AAS,Lars Aas,other_unknown,2026-06-08
AAS,Khalid ibn Sa'id,other_unknown,2026-06-08
AAS,Per Aasness,other_acronym,2026-06-08
AAS,Rolf Aas,other_unknown,2026-06-08
AAS,Nandrolone phenylpropionate,anabolic_androgenic,2026-06-08
AAS,Riyad Mahrez,other_unknown,2026-06-08
AAS,Technology,other_acronym,2026-06-08
AAS,Mesterolone,anabolic_androgenic,2026-06-08
AAS,Sigurd Akre-Aas,other_unknown,2026-06-08
AAS,Dignitas Infinita,other_unknown,2026-06-08
AAS,List of encyclicals of Pope Pius XII,other_unknown,2026-06-08
AAS,Protein digestibility corrected amino acid score,other_unknown,2026-06-08
AAS,Oxymetholone,anabolic_androgenic,2026-06-08
AAS,Sea,other_unknown,2026-06-08
AAS,Jonas Aas,other_unknown,2026-06-08
AAS,Methandriol,anabolic_androgenic,2026-06-08
AAS,Karavan,other_unknown,2026-06-08
AAS,American Association of Suicidology,other_acronym,2026-06-08
AAS,Internet Security Research Group,other_acronym,2026-06-08
AAS,Methylstenbolone,anabolic_androgenic,2026-06-08
AAS,Gio Ruggiero,other_unknown,2026-06-08
AAS,Connor Zilisch,other_acronym,2026-06-08
AAS,Methylhydroxynandrolone,anabolic_androgenic,2026-06-08
AAS,The Astrophysical Journal,astronomy,2026-06-08
AAS,Muhammad Jibril (Qari),other_unknown,2026-06-08
AAS,2025 PN7,other_unknown,2026-06-08
AAS,Beetroot,other_unknown,2026-06-08
AAS,18-Methyltestosterone,anabolic_androgenic,2026-06-08
AAS,Trenbolone enanthate,anabolic_androgenic,2026-06-08
AAS,Snap pea,other_acronym,2026-06-08
AAS,Selective androgen receptor modulator,anabolic_androgenic,2026-06-08
AAS,Lockheed Martin,other_acronym,2026-06-08
AAS,Adrian Aas Stien,other_unknown,2026-06-08
AAS,Trenbolone enanthate,anabolic_androgenic,2026-06-08
AAS,Snap pea,other_acronym,2026-06-08
AAS,Kristine Aas,other_unknown,2026-06-08
AAS,Selective androgen receptor modulator,anabolic_androgenic,2026-06-08
AAS,Lockheed Martin,other_acronym,2026-06-08
AAS,Trestolone,anabolic_androgenic,2026-06-08
AAS,Glossary of video game terms,other_unknown,2026-06-08
AAS,Acta Apostolicae Sedis,other_unknown,2026-06-08
AAS,Kwang-chih Chang,other_unknown,2026-06-08
AAS,Almost surely,other_unknown,2026-06-08
AAS,Mohammad Aas,other_unknown,2026-06-08
AAS,Berit Ås,other_unknown,2026-06-08
AAS,Metenolone,anabolic_androgenic,2026-06-08
AAS,Habitable Worlds Observatory,astronomy,2026-06-08
AAS,Martin C. Weisskopf,astronomy,2026-06-08
AAS,Queen of Heaven,other_unknown,2026-06-08
AAS,Australian Academy of Science,other_acronym,2026-06-08
AAS,Marine Corps Outlying Field Camp Davis,other_unknown,2026-06-08
AAS,Magnus Carlsen,other_unknown,2026-06-08
AAS,Th. Valentin Aass,other_acronym,2026-06-08
AAS,Calusterone,anabolic_androgenic,2026-06-08
AAS,Testosterone phenylpropionate,anabolic_androgenic,2026-06-08
AAS,Testosterone cypionate,anabolic_androgenic,2026-06-08
AAS,Norwegian Army Air Service,other_acronym,2026-06-08
AAS,American Samoa,other_acronym,2026-06-08
AAS,EverQuest expansions,other_unknown,2026-06-08
AAS,Psychosis,other_acronym,2026-06-08
AAS,James Webb Space Telescope,astronomy,2026-06-08
AAS,Fluoxymesterone,anabolic_androgenic,2026-06-08
AAS,Piya Ke Milan Ki Aas,other_unknown,2026-06-08
AAS,List of military electronics of the United States: A–G,other_acronym,2026-06-08
AAS,Lockheed U-2,other_acronym,2026-06-08
AAS,Certified anesthesiologist assistant,other_acronym,2026-06-08
AAS,Yasmin (actress),other_unknown,2026-06-08
AAS,Paul D. Aasness,other_acronym,2026-06-08
AAS,I. H. Monrad Aas,other_acronym,2026-06-08
AAS,Markwayne Mullin,other_unknown,2026-06-08
AAS,Structure–activity relationships of anabolic steroids,anabolic_androgenic,2026-06-08
AAS,Dihydrofluoxymesterone,anabolic_androgenic,2026-06-08
AAS,IISO flash shoe,other_unknown,2026-06-08
AAS,Erich von Däniken,other_acronym,2026-06-08
AAS,Brent Crews,other_unknown,2026-06-08
AAS,Metenolone enanthate,anabolic_androgenic,2026-06-08
AAS,Betelgeuse,other_acronym,2026-06-08
AAS,Mihhail Kõlvart,other_unknown,2026-06-08
AAS,AgustaWestland AW169,other_unknown,2026-06-08
AAS,List of songs recorded by Shaan,other_unknown,2026-06-08
AAS,Taylor Reimer,other_unknown,2026-06-08
AAS,Amos Alonzo Stagg High School,other_acronym,2026-06-08
AAS,Aluminium,other_unknown,2026-06-08
AAS,11β-Methyl-19-nortestosterone,anabolic_androgenic,2026-06-08
AAS,"Ås, Akershus",other_unknown,2026-06-08
AAS,Testosterone cypionate,anabolic_androgenic,2026-06-08
AAS,Alpha Centauri,astronomy,2026-06-08
AAS,Area of a triangle,other_unknown,2026-06-08
AAS,Pope Paul VI,other_unknown,2026-06-08
AAS,Isabella Robusto,other_acronym,2026-06-08
AAS,Amos Alonzo Stagg High School,other_acronym,2026-06-08
AAS,Whistled language,other_unknown,2026-06-08
AAS,Anjaana Anjaani (soundtrack),other_unknown,2026-06-08
AAS,5α-Dihydronandrolone,anabolic_androgenic,2026-06-08
AAS,Trestolone enanthate,anabolic_androgenic,2026-06-08
AAS,HELIOS,other_acronym,2026-06-08
AAS,Taylor Reimer,other_unknown,2026-06-08
AAS,Hrithik Roshan,other_unknown,2026-06-08
AAS,Androstanolone,anabolic_androgenic,2026-06-08
AAS,Eastern Catholic victims of Soviet persecutions,other_unknown,2026-06-08
AAS,Ergogenic use of anabolic steroids,anabolic_androgenic,2026-06-08
AAS,Aluminium,other_unknown,2026-06-08
AAS,Piya Ke Milan Ki Aas,other_unknown,2026-06-08
AAS,Arslan Asad Butt,other_unknown,2026-06-08
AAS,Martin Ødegaard,other_unknown,2026-06-08
AAS,Small Advanced Capabilities Missile,other_acronym,2026-06-08
AAS,Jake Bollman,other_unknown,2026-06-08
AAS,General Dynamics F-16 Fighting Falcon,other_acronym,2026-06-08
AAS,List of Latin phrases (full),other_unknown,2026-06-08
AAS,Gunder Aas,other_unknown,2026-06-08
AAS,IISO flash shoe,other_unknown,2026-06-08
AAS,Lata Mangeshkar,other_acronym,2026-06-08
AAS,Automatic Certificate Management Environment,other_acronym,2026-06-08
AAS,Metribolone,anabolic_androgenic,2026-06-08
AAS,Alpena Community College,other_unknown,2026-06-08
AAS,Marine Corps Outlying Field Camp Davis,other_unknown,2026-06-08
AAS,Blake Stallings,other_unknown,2026-06-08
AAS,2025–26 Coupe de France Féminine,other_unknown,2026-06-08
AAS,Jerry Pitts Racing,other_unknown,2026-06-08
AAS,Mirza Zain Baig,other_unknown,2026-06-08
AAS,St. James Davis,other_unknown,2026-06-08
AAS,Buchalter Cosmology Prize,astronomy,2026-06-08
AAS,Brahm Bhardwaj,other_unknown,2026-06-08
AAS,Bovine serum albumin,other_unknown,2026-06-08
AAS,Pilatus U-28 Draco,other_unknown,2026-06-08
AAS,3I/ATLAS,other_acronym,2026-06-08
AAS,Chloromethylandrostenediol,anabolic_androgenic,2026-06-08
AAS,Jocelyn Bell Burnell,astronomy,2026-06-08
AAS,Minister of Justice and Public Security,other_unknown,2026-06-08
AAS,Arne Aas (politician),other_unknown,2026-06-08
AAS,Sonal Chauhan,other_unknown,2026-06-08
AAS,Jeff Jefferson (racing driver),other_unknown,2026-06-08
AAS,Grumman F-14 Tomcat,other_acronym,2026-06-08
AAS,Chloromethylandrostenediol,anabolic_androgenic,2026-06-08
AAS,Astronomer,astronomy,2026-06-08
AAS,Blake Stallings,other_unknown,2026-06-08
AAS,Gunn Margit Andreassen,other_unknown,2026-06-08
AAS,Great Falls College Montana State University,other_acronym,2026-06-08
AAS,Manoj Kumar filmography,other_unknown,2026-06-08
AAS,Testosterone propionate,anabolic_androgenic,2026-06-08
AAS,Pilatus U-28 Draco,other_unknown,2026-06-08
AAS,James Taiclet,other_unknown,2026-06-08
AAS,Eric Nascimento,other_unknown,2026-06-08
AAS,Anesthesiology,other_unknown,2026-06-08
AAS,Tribes of Yemen,other_unknown,2026-06-08
AAS,Jerry Pitts Racing,other_unknown,2026-06-08
AAS,Two-line element set,other_unknown,2026-06-08
AAS,Indonesia,other_acronym,2026-06-08
AAS,Dylan Cappello,other_unknown,2026-06-08
AAS,Yasmin (actress),other_unknown,2026-06-08
AAS,Jocelyn Bell Burnell,astronomy,2026-06-08
AAS,Up Helly Aa,other_unknown,2026-06-08
AAS,Tasleem Fazli,other_unknown,2026-06-08
AAS,Susan E. Clark,astronomy,2026-06-08
AAS,Shilpi Marwaha,other_unknown,2026-06-08
AAS,Ryley Music,other_unknown,2026-06-08
AAS,Gliese 710,astronomy,2026-06-08
AAS,Jeff Jefferson (racing driver),other_unknown,2026-06-08
AAS,I. H. Monrad Aas,other_acronym,2026-06-08
AAS,Silver Wings (service organization),other_acronym,2026-06-08
AAS,Mirza Zain Baig,other_unknown,2026-06-08
AAS,2026 Copa de la Liga (Peru),other_unknown,2026-06-08
AAS,Tristan McKee,other_unknown,2026-06-08
AAS,Avinash Tiwary,other_unknown,2026-06-08
AAS,Cognitive behavioral therapy,other_acronym,2026-06-08
AAS,Sam Butler (racing driver),other_acronym,2026-06-08
AAS,Cloxotestosterone,anabolic_androgenic,2026-06-08
AAS,Dark matter halo,other_unknown,2026-06-08
AAS,David Smith (racing driver),other_unknown,2026-06-08
AAS,Trenbolone hexahydrobenzylcarbonate,anabolic_androgenic,2026-06-08
AAS,Dragonfly (Titan space probe),other_acronym,2026-06-08
AAS,Audio-Animatronics,other_acronym,2026-06-08
AAS,Melissa Oropeza,other_unknown,2026-06-08
AAS,Ben Maier,other_unknown,2026-06-08
AAS,Gauss gun,other_unknown,2026-06-08
AAS,Miniature Hit-to-Kill Missile,other_unknown,2026-06-08
AAS,Dharmendra,other_unknown,2026-06-08
AAS,Desoxymethyltestosterone,anabolic_androgenic,2026-06-08
AAS,Aam Aadmi Sena,other_unknown,2026-06-08
AAS,Carson Loftin,other_unknown,2026-06-08
AAS,Vicente Salas,other_unknown,2026-06-08
AAS,List of Parsons School of Design people,other_acronym,2026-06-08
AAS,2025 World Boxing Championships – Men's 90 kg,other_unknown,2026-06-08
