label,term,year,n_records
T3_retarded_slur,"retarded OR ""retards"" OR ""retard""",1950,52
T3_retarded_slur,"retarded OR ""retards"" OR ""retard""",1951,61
T3_retarded_slur,"retarded OR ""retards"" OR ""retard""",1952,49
T3_retarded_slur,"retarded OR ""retards"" OR ""retard""",1953,52
T3_retarded_slur,"retarded OR ""retards"" OR ""retard""",1954,74
T3_retarded_slur,"retarded OR ""retards"" OR ""retard""",1955,51
T3_retarded_slur,"retarded OR ""retards"" OR ""retard""",1956,72
T3_retarded_slur,"retarded OR ""retards"" OR ""retard""",1957,78
T3_retarded_slur,"retarded OR ""retards"" OR ""retard""",1958,96
T3_retarded_slur,"retarded OR ""retards"" OR ""retard""",1959,101
T3_retarded_slur,"retarded OR ""retards"" OR ""retard""",1960,76
T3_retarded_slur,"retarded OR ""retards"" OR ""retard""",1961,74
T3_retarded_slur,"retarded OR ""retards"" OR ""retard""",1962,116
T3_retarded_slur,"retarded OR ""retards"" OR ""retard""",1963,185
T3_retarded_slur,"retarded OR ""retards"" OR ""retard""",1964,247
T3_retarded_slur,"retarded OR ""retards"" OR ""retard""",1965,257
T3_retarded_slur,"retarded OR ""retards"" OR ""retard""",1966,202
T3_retarded_slur,"retarded OR ""retards"" OR ""retard""",1967,241
T3_retarded_slur,"retarded OR ""retards"" OR ""retard""",1968,307
T3_retarded_slur,"retarded OR ""retards"" OR ""retard""",1969,297
T3_retarded_slur,"retarded OR ""retards"" OR ""retard""",1970,288
T3_retarded_slur,"retarded OR ""retards"" OR ""retard""",1971,334
T3_retarded_slur,"retarded OR ""retards"" OR ""retard""",1972,284
T3_retarded_slur,"retarded OR ""retards"" OR ""retard""",1973,331
T3_retarded_slur,"retarded OR ""retards"" OR ""retard""",1974,319
T3_retarded_slur,"retarded OR ""retards"" OR ""retard""",1975,714
T3_retarded_slur,"retarded OR ""retards"" OR ""retard""",1976,712
T3_retarded_slur,"retarded OR ""retards"" OR ""retard""",1977,681
T3_retarded_slur,"retarded OR ""retards"" OR ""retard""",1978,710
T3_retarded_slur,"retarded OR ""retards"" OR ""retard""",1979,733
T3_retarded_slur,"retarded OR ""retards"" OR ""retard""",1980,748
T3_retarded_slur,"retarded OR ""retards"" OR ""retard""",1981,760
T3_retarded_slur,"retarded OR ""retards"" OR ""retard""",1982,778
T3_retarded_slur,"retarded OR ""retards"" OR ""retard""",1983,819
T3_retarded_slur,"retarded OR ""retards"" OR ""retard""",1984,864
T3_retarded_slur,"retarded OR ""retards"" OR ""retard""",1985,871
T3_retarded_slur,"retarded OR ""retards"" OR ""retard""",1986,883
T3_retarded_slur,"retarded OR ""retards"" OR ""retard""",1987,900
T3_retarded_slur,"retarded OR ""retards"" OR ""retard""",1988,849
T3_retarded_slur,"retarded OR ""retards"" OR ""retard""",1989,1023
T3_retarded_slur,"retarded OR ""retards"" OR ""retard""",1990,974
T3_retarded_slur,"retarded OR ""retards"" OR ""retard""",1991,934
T3_retarded_slur,"retarded OR ""retards"" OR ""retard""",1992,907
T3_retarded_slur,"retarded OR ""retards"" OR ""retard""",1993,866
T3_retarded_slur,"retarded OR ""retards"" OR ""retard""",1994,840
T3_retarded_slur,"retarded OR ""retards"" OR ""retard""",1995,825
T3_retarded_slur,"retarded OR ""retards"" OR ""retard""",1996,831
T3_retarded_slur,"retarded OR ""retards"" OR ""retard""",1997,855
T3_retarded_slur,"retarded OR ""retards"" OR ""retard""",1998,851
T3_retarded_slur,"retarded OR ""retards"" OR ""retard""",1999,836
T3_retarded_slur,"retarded OR ""retards"" OR ""retard""",2000,821
T3_retarded_slur,"retarded OR ""retards"" OR ""retard""",2001,875
T3_retarded_slur,"retarded OR ""retards"" OR ""retard""",2002,831
T3_retarded_slur,"retarded OR ""retards"" OR ""retard""",2003,936
T3_retarded_slur,"retarded OR ""retards"" OR ""retard""",2004,935
T3_retarded_slur,"retarded OR ""retards"" OR ""retard""",2005,964
T3_retarded_slur,"retarded OR ""retards"" OR ""retard""",2006,1021
T3_retarded_slur,"retarded OR ""retards"" OR ""retard""",2007,1018
T3_retarded_slur,"retarded OR ""retards"" OR ""retard""",2008,1012
T3_retarded_slur,"retarded OR ""retards"" OR ""retard""",2009,971
T3_retarded_slur,"retarded OR ""retards"" OR ""retard""",2010,1022
T3_retarded_slur,"retarded OR ""retards"" OR ""retard""",2011,998
T3_retarded_slur,"retarded OR ""retards"" OR ""retard""",2012,1035
T3_retarded_slur,"retarded OR ""retards"" OR ""retard""",2013,1038
T3_retarded_slur,"retarded OR ""retards"" OR ""retard""",2014,1073
T3_retarded_slur,"retarded OR ""retards"" OR ""retard""",2015,1036
T3_retarded_slur,"retarded OR ""retards"" OR ""retard""",2016,1055
T3_retarded_slur,"retarded OR ""retards"" OR ""retard""",2017,1047
T3_retarded_slur,"retarded OR ""retards"" OR ""retard""",2018,995
T3_retarded_slur,"retarded OR ""retards"" OR ""retard""",2019,1106
T3_retarded_slur,"retarded OR ""retards"" OR ""retard""",2020,1196
T3_retarded_slur,"retarded OR ""retards"" OR ""retard""",2021,1239
T3_retarded_slur,"retarded OR ""retards"" OR ""retard""",2022,1224
T3_retarded_slur,"retarded OR ""retards"" OR ""retard""",2023,1079
T3_retarded_slur,"retarded OR ""retards"" OR ""retard""",2024,915
T3_hottentot,"Hottentot OR Hottentots OR ""Hottentot Venus"" OR ""Hottentot apron""",1950,0
T3_hottentot,"Hottentot OR Hottentots OR ""Hottentot Venus"" OR ""Hottentot apron""",1951,0
T3_hottentot,"Hottentot OR Hottentots OR ""Hottentot Venus"" OR ""Hottentot apron""",1952,1
T3_hottentot,"Hottentot OR Hottentots OR ""Hottentot Venus"" OR ""Hottentot apron""",1953,0
T3_hottentot,"Hottentot OR Hottentots OR ""Hottentot Venus"" OR ""Hottentot apron""",1954,0
T3_hottentot,"Hottentot OR Hottentots OR ""Hottentot Venus"" OR ""Hottentot apron""",1955,1
T3_hottentot,"Hottentot OR Hottentots OR ""Hottentot Venus"" OR ""Hottentot apron""",1956,0
T3_hottentot,"Hottentot OR Hottentots OR ""Hottentot Venus"" OR ""Hottentot apron""",1957,1
T3_hottentot,"Hottentot OR Hottentots OR ""Hottentot Venus"" OR ""Hottentot apron""",1958,0
T3_hottentot,"Hottentot OR Hottentots OR ""Hottentot Venus"" OR ""Hottentot apron""",1959,0
T3_hottentot,"Hottentot OR Hottentots OR ""Hottentot Venus"" OR ""Hottentot apron""",1960,0
T3_hottentot,"Hottentot OR Hottentots OR ""Hottentot Venus"" OR ""Hottentot apron""",1961,0
T3_hottentot,"Hottentot OR Hottentots OR ""Hottentot Venus"" OR ""Hottentot apron""",1962,0
T3_hottentot,"Hottentot OR Hottentots OR ""Hottentot Venus"" OR ""Hottentot apron""",1963,1
T3_hottentot,"Hottentot OR Hottentots OR ""Hottentot Venus"" OR ""Hottentot apron""",1964,0
T3_hottentot,"Hottentot OR Hottentots OR ""Hottentot Venus"" OR ""Hottentot apron""",1965,0
T3_hottentot,"Hottentot OR Hottentots OR ""Hottentot Venus"" OR ""Hottentot apron""",1966,1
T3_hottentot,"Hottentot OR Hottentots OR ""Hottentot Venus"" OR ""Hottentot apron""",1967,0
T3_hottentot,"Hottentot OR Hottentots OR ""Hottentot Venus"" OR ""Hottentot apron""",1968,0
T3_hottentot,"Hottentot OR Hottentots OR ""Hottentot Venus"" OR ""Hottentot apron""",1969,0
T3_hottentot,"Hottentot OR Hottentots OR ""Hottentot Venus"" OR ""Hottentot apron""",1970,1
T3_hottentot,"Hottentot OR Hottentots OR ""Hottentot Venus"" OR ""Hottentot apron""",1971,2
T3_hottentot,"Hottentot OR Hottentots OR ""Hottentot Venus"" OR ""Hottentot apron""",1972,0
T3_hottentot,"Hottentot OR Hottentots OR ""Hottentot Venus"" OR ""Hottentot apron""",1973,0
T3_hottentot,"Hottentot OR Hottentots OR ""Hottentot Venus"" OR ""Hottentot apron""",1974,0
T3_hottentot,"Hottentot OR Hottentots OR ""Hottentot Venus"" OR ""Hottentot apron""",1975,4
T3_hottentot,"Hottentot OR Hottentots OR ""Hottentot Venus"" OR ""Hottentot apron""",1976,1
T3_hottentot,"Hottentot OR Hottentots OR ""Hottentot Venus"" OR ""Hottentot apron""",1977,0
T3_hottentot,"Hottentot OR Hottentots OR ""Hottentot Venus"" OR ""Hottentot apron""",1978,0
T3_hottentot,"Hottentot OR Hottentots OR ""Hottentot Venus"" OR ""Hottentot apron""",1979,0
T3_hottentot,"Hottentot OR Hottentots OR ""Hottentot Venus"" OR ""Hottentot apron""",1980,1
T3_hottentot,"Hottentot OR Hottentots OR ""Hottentot Venus"" OR ""Hottentot apron""",1981,2
T3_hottentot,"Hottentot OR Hottentots OR ""Hottentot Venus"" OR ""Hottentot apron""",1982,2
T3_hottentot,"Hottentot OR Hottentots OR ""Hottentot Venus"" OR ""Hottentot apron""",1983,0
T3_hottentot,"Hottentot OR Hottentots OR ""Hottentot Venus"" OR ""Hottentot apron""",1984,2
T3_hottentot,"Hottentot OR Hottentots OR ""Hottentot Venus"" OR ""Hottentot apron""",1985,0
T3_hottentot,"Hottentot OR Hottentots OR ""Hottentot Venus"" OR ""Hottentot apron""",1986,0
T3_hottentot,"Hottentot OR Hottentots OR ""Hottentot Venus"" OR ""Hottentot apron""",1987,1
T3_hottentot,"Hottentot OR Hottentots OR ""Hottentot Venus"" OR ""Hottentot apron""",1988,0
T3_hottentot,"Hottentot OR Hottentots OR ""Hottentot Venus"" OR ""Hottentot apron""",1989,0
T3_hottentot,"Hottentot OR Hottentots OR ""Hottentot Venus"" OR ""Hottentot apron""",1990,0
T3_hottentot,"Hottentot OR Hottentots OR ""Hottentot Venus"" OR ""Hottentot apron""",1991,0
T3_hottentot,"Hottentot OR Hottentots OR ""Hottentot Venus"" OR ""Hottentot apron""",1992,2
T3_hottentot,"Hottentot OR Hottentots OR ""Hottentot Venus"" OR ""Hottentot apron""",1993,2
T3_hottentot,"Hottentot OR Hottentots OR ""Hottentot Venus"" OR ""Hottentot apron""",1994,1
T3_hottentot,"Hottentot OR Hottentots OR ""Hottentot Venus"" OR ""Hottentot apron""",1995,0
T3_hottentot,"Hottentot OR Hottentots OR ""Hottentot Venus"" OR ""Hottentot apron""",1996,1
T3_hottentot,"Hottentot OR Hottentots OR ""Hottentot Venus"" OR ""Hottentot apron""",1997,0
T3_hottentot,"Hottentot OR Hottentots OR ""Hottentot Venus"" OR ""Hottentot apron""",1998,0
T3_hottentot,"Hottentot OR Hottentots OR ""Hottentot Venus"" OR ""Hottentot apron""",1999,2
T3_hottentot,"Hottentot OR Hottentots OR ""Hottentot Venus"" OR ""Hottentot apron""",2000,0
T3_hottentot,"Hottentot OR Hottentots OR ""Hottentot Venus"" OR ""Hottentot apron""",2001,1
T3_hottentot,"Hottentot OR Hottentots OR ""Hottentot Venus"" OR ""Hottentot apron""",2002,0
T3_hottentot,"Hottentot OR Hottentots OR ""Hottentot Venus"" OR ""Hottentot apron""",2003,0
T3_hottentot,"Hottentot OR Hottentots OR ""Hottentot Venus"" OR ""Hottentot apron""",2004,0
T3_hottentot,"Hottentot OR Hottentots OR ""Hottentot Venus"" OR ""Hottentot apron""",2005,1
T3_hottentot,"Hottentot OR Hottentots OR ""Hottentot Venus"" OR ""Hottentot apron""",2006,1
T3_hottentot,"Hottentot OR Hottentots OR ""Hottentot Venus"" OR ""Hottentot apron""",2007,0
T3_hottentot,"Hottentot OR Hottentots OR ""Hottentot Venus"" OR ""Hottentot apron""",2008,4
T3_hottentot,"Hottentot OR Hottentots OR ""Hottentot Venus"" OR ""Hottentot apron""",2009,1
T3_hottentot,"Hottentot OR Hottentots OR ""Hottentot Venus"" OR ""Hottentot apron""",2010,1
T3_hottentot,"Hottentot OR Hottentots OR ""Hottentot Venus"" OR ""Hottentot apron""",2011,0
T3_hottentot,"Hottentot OR Hottentots OR ""Hottentot Venus"" OR ""Hottentot apron""",2012,1
T3_hottentot,"Hottentot OR Hottentots OR ""Hottentot Venus"" OR ""Hottentot apron""",2013,2
T3_hottentot,"Hottentot OR Hottentots OR ""Hottentot Venus"" OR ""Hottentot apron""",2014,3
T3_hottentot,"Hottentot OR Hottentots OR ""Hottentot Venus"" OR ""Hottentot apron""",2015,1
T3_hottentot,"Hottentot OR Hottentots OR ""Hottentot Venus"" OR ""Hottentot apron""",2016,1
T3_hottentot,"Hottentot OR Hottentots OR ""Hottentot Venus"" OR ""Hottentot apron""",2017,4
T3_hottentot,"Hottentot OR Hottentots OR ""Hottentot Venus"" OR ""Hottentot apron""",2018,0
T3_hottentot,"Hottentot OR Hottentots OR ""Hottentot Venus"" OR ""Hottentot apron""",2019,2
T3_hottentot,"Hottentot OR Hottentots OR ""Hottentot Venus"" OR ""Hottentot apron""",2020,4
T3_hottentot,"Hottentot OR Hottentots OR ""Hottentot Venus"" OR ""Hottentot apron""",2021,1
T3_hottentot,"Hottentot OR Hottentots OR ""Hottentot Venus"" OR ""Hottentot apron""",2022,0
T3_hottentot,"Hottentot OR Hottentots OR ""Hottentot Venus"" OR ""Hottentot apron""",2023,1
T3_hottentot,"Hottentot OR Hottentots OR ""Hottentot Venus"" OR ""Hottentot apron""",2024,3
T3_savage_primitive,"""primitive race"" OR ""primitive races"" OR ""savage races"" OR ""savage tribe"" OR ""savage tribes""",1950,0
T3_savage_primitive,"""primitive race"" OR ""primitive races"" OR ""savage races"" OR ""savage tribe"" OR ""savage tribes""",1951,0
T3_savage_primitive,"""primitive race"" OR ""primitive races"" OR ""savage races"" OR ""savage tribe"" OR ""savage tribes""",1952,0
T3_savage_primitive,"""primitive race"" OR ""primitive races"" OR ""savage races"" OR ""savage tribe"" OR ""savage tribes""",1953,0
T3_savage_primitive,"""primitive race"" OR ""primitive races"" OR ""savage races"" OR ""savage tribe"" OR ""savage tribes""",1954,0
T3_savage_primitive,"""primitive race"" OR ""primitive races"" OR ""savage races"" OR ""savage tribe"" OR ""savage tribes""",1955,0
T3_savage_primitive,"""primitive race"" OR ""primitive races"" OR ""savage races"" OR ""savage tribe"" OR ""savage tribes""",1956,0
T3_savage_primitive,"""primitive race"" OR ""primitive races"" OR ""savage races"" OR ""savage tribe"" OR ""savage tribes""",1957,0
T3_savage_primitive,"""primitive race"" OR ""primitive races"" OR ""savage races"" OR ""savage tribe"" OR ""savage tribes""",1958,0
T3_savage_primitive,"""primitive race"" OR ""primitive races"" OR ""savage races"" OR ""savage tribe"" OR ""savage tribes""",1959,0
T3_savage_primitive,"""primitive race"" OR ""primitive races"" OR ""savage races"" OR ""savage tribe"" OR ""savage tribes""",1960,0
T3_savage_primitive,"""primitive race"" OR ""primitive races"" OR ""savage races"" OR ""savage tribe"" OR ""savage tribes""",1961,0
T3_savage_primitive,"""primitive race"" OR ""primitive races"" OR ""savage races"" OR ""savage tribe"" OR ""savage tribes""",1962,0
T3_savage_primitive,"""primitive race"" OR ""primitive races"" OR ""savage races"" OR ""savage tribe"" OR ""savage tribes""",1963,0
T3_savage_primitive,"""primitive race"" OR ""primitive races"" OR ""savage races"" OR ""savage tribe"" OR ""savage tribes""",1964,0
T3_savage_primitive,"""primitive race"" OR ""primitive races"" OR ""savage races"" OR ""savage tribe"" OR ""savage tribes""",1965,0
T3_savage_primitive,"""primitive race"" OR ""primitive races"" OR ""savage races"" OR ""savage tribe"" OR ""savage tribes""",1966,0
T3_savage_primitive,"""primitive race"" OR ""primitive races"" OR ""savage races"" OR ""savage tribe"" OR ""savage tribes""",1967,0
T3_savage_primitive,"""primitive race"" OR ""primitive races"" OR ""savage races"" OR ""savage tribe"" OR ""savage tribes""",1968,0
T3_savage_primitive,"""primitive race"" OR ""primitive races"" OR ""savage races"" OR ""savage tribe"" OR ""savage tribes""",1969,0
T3_savage_primitive,"""primitive race"" OR ""primitive races"" OR ""savage races"" OR ""savage tribe"" OR ""savage tribes""",1970,0
T3_savage_primitive,"""primitive race"" OR ""primitive races"" OR ""savage races"" OR ""savage tribe"" OR ""savage tribes""",1971,0
T3_savage_primitive,"""primitive race"" OR ""primitive races"" OR ""savage races"" OR ""savage tribe"" OR ""savage tribes""",1972,1
T3_savage_primitive,"""primitive race"" OR ""primitive races"" OR ""savage races"" OR ""savage tribe"" OR ""savage tribes""",1973,0
T3_savage_primitive,"""primitive race"" OR ""primitive races"" OR ""savage races"" OR ""savage tribe"" OR ""savage tribes""",1974,0
T3_savage_primitive,"""primitive race"" OR ""primitive races"" OR ""savage races"" OR ""savage tribe"" OR ""savage tribes""",1975,0
T3_savage_primitive,"""primitive race"" OR ""primitive races"" OR ""savage races"" OR ""savage tribe"" OR ""savage tribes""",1976,0
T3_savage_primitive,"""primitive race"" OR ""primitive races"" OR ""savage races"" OR ""savage tribe"" OR ""savage tribes""",1977,0
T3_savage_primitive,"""primitive race"" OR ""primitive races"" OR ""savage races"" OR ""savage tribe"" OR ""savage tribes""",1978,0
T3_savage_primitive,"""primitive race"" OR ""primitive races"" OR ""savage races"" OR ""savage tribe"" OR ""savage tribes""",1979,0
T3_savage_primitive,"""primitive race"" OR ""primitive races"" OR ""savage races"" OR ""savage tribe"" OR ""savage tribes""",1980,0
T3_savage_primitive,"""primitive race"" OR ""primitive races"" OR ""savage races"" OR ""savage tribe"" OR ""savage tribes""",1981,0
T3_savage_primitive,"""primitive race"" OR ""primitive races"" OR ""savage races"" OR ""savage tribe"" OR ""savage tribes""",1982,1
T3_savage_primitive,"""primitive race"" OR ""primitive races"" OR ""savage races"" OR ""savage tribe"" OR ""savage tribes""",1983,0
T3_savage_primitive,"""primitive race"" OR ""primitive races"" OR ""savage races"" OR ""savage tribe"" OR ""savage tribes""",1984,0
T3_savage_primitive,"""primitive race"" OR ""primitive races"" OR ""savage races"" OR ""savage tribe"" OR ""savage tribes""",1985,0
T3_savage_primitive,"""primitive race"" OR ""primitive races"" OR ""savage races"" OR ""savage tribe"" OR ""savage tribes""",1986,0
T3_savage_primitive,"""primitive race"" OR ""primitive races"" OR ""savage races"" OR ""savage tribe"" OR ""savage tribes""",1987,0
T3_savage_primitive,"""primitive race"" OR ""primitive races"" OR ""savage races"" OR ""savage tribe"" OR ""savage tribes""",1988,0
T3_savage_primitive,"""primitive race"" OR ""primitive races"" OR ""savage races"" OR ""savage tribe"" OR ""savage tribes""",1989,0
T3_savage_primitive,"""primitive race"" OR ""primitive races"" OR ""savage races"" OR ""savage tribe"" OR ""savage tribes""",1990,0
T3_savage_primitive,"""primitive race"" OR ""primitive races"" OR ""savage races"" OR ""savage tribe"" OR ""savage tribes""",1991,0
T3_savage_primitive,"""primitive race"" OR ""primitive races"" OR ""savage races"" OR ""savage tribe"" OR ""savage tribes""",1992,0
T3_savage_primitive,"""primitive race"" OR ""primitive races"" OR ""savage races"" OR ""savage tribe"" OR ""savage tribes""",1993,0
T3_savage_primitive,"""primitive race"" OR ""primitive races"" OR ""savage races"" OR ""savage tribe"" OR ""savage tribes""",1994,0
T3_savage_primitive,"""primitive race"" OR ""primitive races"" OR ""savage races"" OR ""savage tribe"" OR ""savage tribes""",1995,0
T3_savage_primitive,"""primitive race"" OR ""primitive races"" OR ""savage races"" OR ""savage tribe"" OR ""savage tribes""",1996,0
T3_savage_primitive,"""primitive race"" OR ""primitive races"" OR ""savage races"" OR ""savage tribe"" OR ""savage tribes""",1997,0
T3_savage_primitive,"""primitive race"" OR ""primitive races"" OR ""savage races"" OR ""savage tribe"" OR ""savage tribes""",1998,0
T3_savage_primitive,"""primitive race"" OR ""primitive races"" OR ""savage races"" OR ""savage tribe"" OR ""savage tribes""",1999,0
T3_savage_primitive,"""primitive race"" OR ""primitive races"" OR ""savage races"" OR ""savage tribe"" OR ""savage tribes""",2000,0
T3_savage_primitive,"""primitive race"" OR ""primitive races"" OR ""savage races"" OR ""savage tribe"" OR ""savage tribes""",2001,0
T3_savage_primitive,"""primitive race"" OR ""primitive races"" OR ""savage races"" OR ""savage tribe"" OR ""savage tribes""",2002,0
T3_savage_primitive,"""primitive race"" OR ""primitive races"" OR ""savage races"" OR ""savage tribe"" OR ""savage tribes""",2003,0
T3_savage_primitive,"""primitive race"" OR ""primitive races"" OR ""savage races"" OR ""savage tribe"" OR ""savage tribes""",2004,0
T3_savage_primitive,"""primitive race"" OR ""primitive races"" OR ""savage races"" OR ""savage tribe"" OR ""savage tribes""",2005,0
T3_savage_primitive,"""primitive race"" OR ""primitive races"" OR ""savage races"" OR ""savage tribe"" OR ""savage tribes""",2006,0
T3_savage_primitive,"""primitive race"" OR ""primitive races"" OR ""savage races"" OR ""savage tribe"" OR ""savage tribes""",2007,0
T3_savage_primitive,"""primitive race"" OR ""primitive races"" OR ""savage races"" OR ""savage tribe"" OR ""savage tribes""",2008,0
T3_savage_primitive,"""primitive race"" OR ""primitive races"" OR ""savage races"" OR ""savage tribe"" OR ""savage tribes""",2009,0
T3_savage_primitive,"""primitive race"" OR ""primitive races"" OR ""savage races"" OR ""savage tribe"" OR ""savage tribes""",2010,0
T3_savage_primitive,"""primitive race"" OR ""primitive races"" OR ""savage races"" OR ""savage tribe"" OR ""savage tribes""",2011,0
T3_savage_primitive,"""primitive race"" OR ""primitive races"" OR ""savage races"" OR ""savage tribe"" OR ""savage tribes""",2012,0
T3_savage_primitive,"""primitive race"" OR ""primitive races"" OR ""savage races"" OR ""savage tribe"" OR ""savage tribes""",2013,0
T3_savage_primitive,"""primitive race"" OR ""primitive races"" OR ""savage races"" OR ""savage tribe"" OR ""savage tribes""",2014,0
T3_savage_primitive,"""primitive race"" OR ""primitive races"" OR ""savage races"" OR ""savage tribe"" OR ""savage tribes""",2015,0
T3_savage_primitive,"""primitive race"" OR ""primitive races"" OR ""savage races"" OR ""savage tribe"" OR ""savage tribes""",2016,1
T3_savage_primitive,"""primitive race"" OR ""primitive races"" OR ""savage races"" OR ""savage tribe"" OR ""savage tribes""",2017,0
T3_savage_primitive,"""primitive race"" OR ""primitive races"" OR ""savage races"" OR ""savage tribe"" OR ""savage tribes""",2018,0
T3_savage_primitive,"""primitive race"" OR ""primitive races"" OR ""savage races"" OR ""savage tribe"" OR ""savage tribes""",2019,1
T3_savage_primitive,"""primitive race"" OR ""primitive races"" OR ""savage races"" OR ""savage tribe"" OR ""savage tribes""",2020,0
T3_savage_primitive,"""primitive race"" OR ""primitive races"" OR ""savage races"" OR ""savage tribe"" OR ""savage tribes""",2021,0
T3_savage_primitive,"""primitive race"" OR ""primitive races"" OR ""savage races"" OR ""savage tribe"" OR ""savage tribes""",2022,0
T3_savage_primitive,"""primitive race"" OR ""primitive races"" OR ""savage races"" OR ""savage tribe"" OR ""savage tribes""",2023,0
T3_savage_primitive,"""primitive race"" OR ""primitive races"" OR ""savage races"" OR ""savage tribe"" OR ""savage tribes""",2024,0
T3_kaffir,kaffir OR kaffirs,1950,0
T3_kaffir,kaffir OR kaffirs,1951,0
T3_kaffir,kaffir OR kaffirs,1952,0
T3_kaffir,kaffir OR kaffirs,1953,0
T3_kaffir,kaffir OR kaffirs,1954,0
T3_kaffir,kaffir OR kaffirs,1955,0
T3_kaffir,kaffir OR kaffirs,1956,0
T3_kaffir,kaffir OR kaffirs,1957,0
T3_kaffir,kaffir OR kaffirs,1958,0
T3_kaffir,kaffir OR kaffirs,1959,0
T3_kaffir,kaffir OR kaffirs,1960,1
T3_kaffir,kaffir OR kaffirs,1961,0
T3_kaffir,kaffir OR kaffirs,1962,0
T3_kaffir,kaffir OR kaffirs,1963,0
T3_kaffir,kaffir OR kaffirs,1964,0
T3_kaffir,kaffir OR kaffirs,1965,0
T3_kaffir,kaffir OR kaffirs,1966,0
T3_kaffir,kaffir OR kaffirs,1967,0
T3_kaffir,kaffir OR kaffirs,1968,0
T3_kaffir,kaffir OR kaffirs,1969,0
T3_kaffir,kaffir OR kaffirs,1970,0
T3_kaffir,kaffir OR kaffirs,1971,0
T3_kaffir,kaffir OR kaffirs,1972,0
T3_kaffir,kaffir OR kaffirs,1973,0
T3_kaffir,kaffir OR kaffirs,1974,0
T3_kaffir,kaffir OR kaffirs,1975,0
T3_kaffir,kaffir OR kaffirs,1976,0
T3_kaffir,kaffir OR kaffirs,1977,0
T3_kaffir,kaffir OR kaffirs,1978,0
T3_kaffir,kaffir OR kaffirs,1979,0
T3_kaffir,kaffir OR kaffirs,1980,0
T3_kaffir,kaffir OR kaffirs,1981,0
T3_kaffir,kaffir OR kaffirs,1982,0
T3_kaffir,kaffir OR kaffirs,1983,0
T3_kaffir,kaffir OR kaffirs,1984,0
T3_kaffir,kaffir OR kaffirs,1985,0
T3_kaffir,kaffir OR kaffirs,1986,0
T3_kaffir,kaffir OR kaffirs,1987,0
T3_kaffir,kaffir OR kaffirs,1988,0
T3_kaffir,kaffir OR kaffirs,1989,0
T3_kaffir,kaffir OR kaffirs,1990,0
T3_kaffir,kaffir OR kaffirs,1991,0
T3_kaffir,kaffir OR kaffirs,1992,0
T3_kaffir,kaffir OR kaffirs,1993,0
T3_kaffir,kaffir OR kaffirs,1994,0
T3_kaffir,kaffir OR kaffirs,1995,0
T3_kaffir,kaffir OR kaffirs,1996,0
T3_kaffir,kaffir OR kaffirs,1997,0
T3_kaffir,kaffir OR kaffirs,1998,0
T3_kaffir,kaffir OR kaffirs,1999,0
T3_kaffir,kaffir OR kaffirs,2000,0
T3_kaffir,kaffir OR kaffirs,2001,1
T3_kaffir,kaffir OR kaffirs,2002,0
T3_kaffir,kaffir OR kaffirs,2003,0
T3_kaffir,kaffir OR kaffirs,2004,0
T3_kaffir,kaffir OR kaffirs,2005,0
T3_kaffir,kaffir OR kaffirs,2006,0
T3_kaffir,kaffir OR kaffirs,2007,0
T3_kaffir,kaffir OR kaffirs,2008,0
T3_kaffir,kaffir OR kaffirs,2009,1
T3_kaffir,kaffir OR kaffirs,2010,2
T3_kaffir,kaffir OR kaffirs,2011,1
T3_kaffir,kaffir OR kaffirs,2012,2
T3_kaffir,kaffir OR kaffirs,2013,2
T3_kaffir,kaffir OR kaffirs,2014,1
T3_kaffir,kaffir OR kaffirs,2015,1
T3_kaffir,kaffir OR kaffirs,2016,3
T3_kaffir,kaffir OR kaffirs,2017,8
T3_kaffir,kaffir OR kaffirs,2018,3
T3_kaffir,kaffir OR kaffirs,2019,3
T3_kaffir,kaffir OR kaffirs,2020,5
T3_kaffir,kaffir OR kaffirs,2021,3
T3_kaffir,kaffir OR kaffirs,2022,3
T3_kaffir,kaffir OR kaffirs,2023,9
T3_kaffir,kaffir OR kaffirs,2024,4
T3_darky,darky OR darkey OR darkies,1950,0
T3_darky,darky OR darkey OR darkies,1951,0
T3_darky,darky OR darkey OR darkies,1952,0
T3_darky,darky OR darkey OR darkies,1953,0
T3_darky,darky OR darkey OR darkies,1954,0
T3_darky,darky OR darkey OR darkies,1955,0
T3_darky,darky OR darkey OR darkies,1956,0
T3_darky,darky OR darkey OR darkies,1957,0
T3_darky,darky OR darkey OR darkies,1958,0
T3_darky,darky OR darkey OR darkies,1959,0
T3_darky,darky OR darkey OR darkies,1960,0
T3_darky,darky OR darkey OR darkies,1961,0
T3_darky,darky OR darkey OR darkies,1962,0
T3_darky,darky OR darkey OR darkies,1963,0
T3_darky,darky OR darkey OR darkies,1964,0
T3_darky,darky OR darkey OR darkies,1965,0
T3_darky,darky OR darkey OR darkies,1966,0
T3_darky,darky OR darkey OR darkies,1967,0
T3_darky,darky OR darkey OR darkies,1968,0
T3_darky,darky OR darkey OR darkies,1969,0
T3_darky,darky OR darkey OR darkies,1970,0
T3_darky,darky OR darkey OR darkies,1971,0
T3_darky,darky OR darkey OR darkies,1972,0
T3_darky,darky OR darkey OR darkies,1973,0
T3_darky,darky OR darkey OR darkies,1974,0
T3_darky,darky OR darkey OR darkies,1975,0
T3_darky,darky OR darkey OR darkies,1976,0
T3_darky,darky OR darkey OR darkies,1977,0
T3_darky,darky OR darkey OR darkies,1978,0
T3_darky,darky OR darkey OR darkies,1979,0
T3_darky,darky OR darkey OR darkies,1980,0
T3_darky,darky OR darkey OR darkies,1981,0
T3_darky,darky OR darkey OR darkies,1982,0
T3_darky,darky OR darkey OR darkies,1983,0
T3_darky,darky OR darkey OR darkies,1984,0
T3_darky,darky OR darkey OR darkies,1985,0
T3_darky,darky OR darkey OR darkies,1986,0
T3_darky,darky OR darkey OR darkies,1987,0
T3_darky,darky OR darkey OR darkies,1988,0
T3_darky,darky OR darkey OR darkies,1989,0
T3_darky,darky OR darkey OR darkies,1990,0
T3_darky,darky OR darkey OR darkies,1991,0
T3_darky,darky OR darkey OR darkies,1992,0
T3_darky,darky OR darkey OR darkies,1993,0
T3_darky,darky OR darkey OR darkies,1994,0
T3_darky,darky OR darkey OR darkies,1995,0
T3_darky,darky OR darkey OR darkies,1996,0
T3_darky,darky OR darkey OR darkies,1997,0
T3_darky,darky OR darkey OR darkies,1998,0
T3_darky,darky OR darkey OR darkies,1999,0
T3_darky,darky OR darkey OR darkies,2000,0
T3_darky,darky OR darkey OR darkies,2001,0
T3_darky,darky OR darkey OR darkies,2002,1
T3_darky,darky OR darkey OR darkies,2003,0
T3_darky,darky OR darkey OR darkies,2004,0
T3_darky,darky OR darkey OR darkies,2005,0
T3_darky,darky OR darkey OR darkies,2006,0
T3_darky,darky OR darkey OR darkies,2007,0
T3_darky,darky OR darkey OR darkies,2008,0
T3_darky,darky OR darkey OR darkies,2009,0
T3_darky,darky OR darkey OR darkies,2010,0
T3_darky,darky OR darkey OR darkies,2011,0
T3_darky,darky OR darkey OR darkies,2012,0
T3_darky,darky OR darkey OR darkies,2013,0
T3_darky,darky OR darkey OR darkies,2014,0
T3_darky,darky OR darkey OR darkies,2015,0
T3_darky,darky OR darkey OR darkies,2016,1
T3_darky,darky OR darkey OR darkies,2017,0
T3_darky,darky OR darkey OR darkies,2018,0
T3_darky,darky OR darkey OR darkies,2019,0
T3_darky,darky OR darkey OR darkies,2020,1
T3_darky,darky OR darkey OR darkies,2021,0
T3_darky,darky OR darkey OR darkies,2022,1
T3_darky,darky OR darkey OR darkies,2023,1
T3_darky,darky OR darkey OR darkies,2024,0
T3_n_word,"""negro slave"" OR ""negro slaves""",1950,0
T3_n_word,"""negro slave"" OR ""negro slaves""",1951,0
T3_n_word,"""negro slave"" OR ""negro slaves""",1952,0
T3_n_word,"""negro slave"" OR ""negro slaves""",1953,0
T3_n_word,"""negro slave"" OR ""negro slaves""",1954,0
T3_n_word,"""negro slave"" OR ""negro slaves""",1955,0
T3_n_word,"""negro slave"" OR ""negro slaves""",1956,0
T3_n_word,"""negro slave"" OR ""negro slaves""",1957,0
T3_n_word,"""negro slave"" OR ""negro slaves""",1958,0
T3_n_word,"""negro slave"" OR ""negro slaves""",1959,0
T3_n_word,"""negro slave"" OR ""negro slaves""",1960,0
T3_n_word,"""negro slave"" OR ""negro slaves""",1961,0
T3_n_word,"""negro slave"" OR ""negro slaves""",1962,0
T3_n_word,"""negro slave"" OR ""negro slaves""",1963,0
T3_n_word,"""negro slave"" OR ""negro slaves""",1964,0
T3_n_word,"""negro slave"" OR ""negro slaves""",1965,0
T3_n_word,"""negro slave"" OR ""negro slaves""",1966,0
T3_n_word,"""negro slave"" OR ""negro slaves""",1967,0
T3_n_word,"""negro slave"" OR ""negro slaves""",1968,0
T3_n_word,"""negro slave"" OR ""negro slaves""",1969,0
T3_n_word,"""negro slave"" OR ""negro slaves""",1970,0
T3_n_word,"""negro slave"" OR ""negro slaves""",1971,0
T3_n_word,"""negro slave"" OR ""negro slaves""",1972,0
T3_n_word,"""negro slave"" OR ""negro slaves""",1973,0
T3_n_word,"""negro slave"" OR ""negro slaves""",1974,0
T3_n_word,"""negro slave"" OR ""negro slaves""",1975,0
T3_n_word,"""negro slave"" OR ""negro slaves""",1976,0
T3_n_word,"""negro slave"" OR ""negro slaves""",1977,0
T3_n_word,"""negro slave"" OR ""negro slaves""",1978,0
T3_n_word,"""negro slave"" OR ""negro slaves""",1979,0
T3_n_word,"""negro slave"" OR ""negro slaves""",1980,0
T3_n_word,"""negro slave"" OR ""negro slaves""",1981,0
T3_n_word,"""negro slave"" OR ""negro slaves""",1982,0
T3_n_word,"""negro slave"" OR ""negro slaves""",1983,0
T3_n_word,"""negro slave"" OR ""negro slaves""",1984,0
T3_n_word,"""negro slave"" OR ""negro slaves""",1985,0
T3_n_word,"""negro slave"" OR ""negro slaves""",1986,0
T3_n_word,"""negro slave"" OR ""negro slaves""",1987,0
T3_n_word,"""negro slave"" OR ""negro slaves""",1988,0
T3_n_word,"""negro slave"" OR ""negro slaves""",1989,0
T3_n_word,"""negro slave"" OR ""negro slaves""",1990,0
T3_n_word,"""negro slave"" OR ""negro slaves""",1991,0
T3_n_word,"""negro slave"" OR ""negro slaves""",1992,0
T3_n_word,"""negro slave"" OR ""negro slaves""",1993,0
T3_n_word,"""negro slave"" OR ""negro slaves""",1994,0
T3_n_word,"""negro slave"" OR ""negro slaves""",1995,0
T3_n_word,"""negro slave"" OR ""negro slaves""",1996,0
T3_n_word,"""negro slave"" OR ""negro slaves""",1997,0
T3_n_word,"""negro slave"" OR ""negro slaves""",1998,0
T3_n_word,"""negro slave"" OR ""negro slaves""",1999,0
T3_n_word,"""negro slave"" OR ""negro slaves""",2000,0
T3_n_word,"""negro slave"" OR ""negro slaves""",2001,0
T3_n_word,"""negro slave"" OR ""negro slaves""",2002,0
T3_n_word,"""negro slave"" OR ""negro slaves""",2003,0
T3_n_word,"""negro slave"" OR ""negro slaves""",2004,0
T3_n_word,"""negro slave"" OR ""negro slaves""",2005,0
T3_n_word,"""negro slave"" OR ""negro slaves""",2006,0
T3_n_word,"""negro slave"" OR ""negro slaves""",2007,0
T3_n_word,"""negro slave"" OR ""negro slaves""",2008,0
T3_n_word,"""negro slave"" OR ""negro slaves""",2009,0
T3_n_word,"""negro slave"" OR ""negro slaves""",2010,0
T3_n_word,"""negro slave"" OR ""negro slaves""",2011,0
T3_n_word,"""negro slave"" OR ""negro slaves""",2012,0
T3_n_word,"""negro slave"" OR ""negro slaves""",2013,0
T3_n_word,"""negro slave"" OR ""negro slaves""",2014,0
T3_n_word,"""negro slave"" OR ""negro slaves""",2015,0
T3_n_word,"""negro slave"" OR ""negro slaves""",2016,0
T3_n_word,"""negro slave"" OR ""negro slaves""",2017,0
T3_n_word,"""negro slave"" OR ""negro slaves""",2018,0
T3_n_word,"""negro slave"" OR ""negro slaves""",2019,0
T3_n_word,"""negro slave"" OR ""negro slaves""",2020,0
T3_n_word,"""negro slave"" OR ""negro slaves""",2021,0
T3_n_word,"""negro slave"" OR ""negro slaves""",2022,0
T3_n_word,"""negro slave"" OR ""negro slaves""",2023,0
T3_n_word,"""negro slave"" OR ""negro slaves""",2024,0
T3_monster_clinical,"""congenital monster"" OR ""congenital monstrosity"" OR ""human monster"" OR ""monstrous birth"" OR ""acardiac monster""",1950,0
T3_monster_clinical,"""congenital monster"" OR ""congenital monstrosity"" OR ""human monster"" OR ""monstrous birth"" OR ""acardiac monster""",1951,0
T3_monster_clinical,"""congenital monster"" OR ""congenital monstrosity"" OR ""human monster"" OR ""monstrous birth"" OR ""acardiac monster""",1952,0
T3_monster_clinical,"""congenital monster"" OR ""congenital monstrosity"" OR ""human monster"" OR ""monstrous birth"" OR ""acardiac monster""",1953,0
T3_monster_clinical,"""congenital monster"" OR ""congenital monstrosity"" OR ""human monster"" OR ""monstrous birth"" OR ""acardiac monster""",1954,0
T3_monster_clinical,"""congenital monster"" OR ""congenital monstrosity"" OR ""human monster"" OR ""monstrous birth"" OR ""acardiac monster""",1955,0
T3_monster_clinical,"""congenital monster"" OR ""congenital monstrosity"" OR ""human monster"" OR ""monstrous birth"" OR ""acardiac monster""",1956,1
T3_monster_clinical,"""congenital monster"" OR ""congenital monstrosity"" OR ""human monster"" OR ""monstrous birth"" OR ""acardiac monster""",1957,0
T3_monster_clinical,"""congenital monster"" OR ""congenital monstrosity"" OR ""human monster"" OR ""monstrous birth"" OR ""acardiac monster""",1958,0
T3_monster_clinical,"""congenital monster"" OR ""congenital monstrosity"" OR ""human monster"" OR ""monstrous birth"" OR ""acardiac monster""",1959,0
T3_monster_clinical,"""congenital monster"" OR ""congenital monstrosity"" OR ""human monster"" OR ""monstrous birth"" OR ""acardiac monster""",1960,2
T3_monster_clinical,"""congenital monster"" OR ""congenital monstrosity"" OR ""human monster"" OR ""monstrous birth"" OR ""acardiac monster""",1961,0
T3_monster_clinical,"""congenital monster"" OR ""congenital monstrosity"" OR ""human monster"" OR ""monstrous birth"" OR ""acardiac monster""",1962,0
T3_monster_clinical,"""congenital monster"" OR ""congenital monstrosity"" OR ""human monster"" OR ""monstrous birth"" OR ""acardiac monster""",1963,1
T3_monster_clinical,"""congenital monster"" OR ""congenital monstrosity"" OR ""human monster"" OR ""monstrous birth"" OR ""acardiac monster""",1964,0
T3_monster_clinical,"""congenital monster"" OR ""congenital monstrosity"" OR ""human monster"" OR ""monstrous birth"" OR ""acardiac monster""",1965,1
T3_monster_clinical,"""congenital monster"" OR ""congenital monstrosity"" OR ""human monster"" OR ""monstrous birth"" OR ""acardiac monster""",1966,0
T3_monster_clinical,"""congenital monster"" OR ""congenital monstrosity"" OR ""human monster"" OR ""monstrous birth"" OR ""acardiac monster""",1967,0
T3_monster_clinical,"""congenital monster"" OR ""congenital monstrosity"" OR ""human monster"" OR ""monstrous birth"" OR ""acardiac monster""",1968,0
T3_monster_clinical,"""congenital monster"" OR ""congenital monstrosity"" OR ""human monster"" OR ""monstrous birth"" OR ""acardiac monster""",1969,0
T3_monster_clinical,"""congenital monster"" OR ""congenital monstrosity"" OR ""human monster"" OR ""monstrous birth"" OR ""acardiac monster""",1970,0
T3_monster_clinical,"""congenital monster"" OR ""congenital monstrosity"" OR ""human monster"" OR ""monstrous birth"" OR ""acardiac monster""",1971,2
T3_monster_clinical,"""congenital monster"" OR ""congenital monstrosity"" OR ""human monster"" OR ""monstrous birth"" OR ""acardiac monster""",1972,1
T3_monster_clinical,"""congenital monster"" OR ""congenital monstrosity"" OR ""human monster"" OR ""monstrous birth"" OR ""acardiac monster""",1973,1
T3_monster_clinical,"""congenital monster"" OR ""congenital monstrosity"" OR ""human monster"" OR ""monstrous birth"" OR ""acardiac monster""",1974,0
T3_monster_clinical,"""congenital monster"" OR ""congenital monstrosity"" OR ""human monster"" OR ""monstrous birth"" OR ""acardiac monster""",1975,0
T3_monster_clinical,"""congenital monster"" OR ""congenital monstrosity"" OR ""human monster"" OR ""monstrous birth"" OR ""acardiac monster""",1976,0
T3_monster_clinical,"""congenital monster"" OR ""congenital monstrosity"" OR ""human monster"" OR ""monstrous birth"" OR ""acardiac monster""",1977,0
T3_monster_clinical,"""congenital monster"" OR ""congenital monstrosity"" OR ""human monster"" OR ""monstrous birth"" OR ""acardiac monster""",1978,0
T3_monster_clinical,"""congenital monster"" OR ""congenital monstrosity"" OR ""human monster"" OR ""monstrous birth"" OR ""acardiac monster""",1979,0
T3_monster_clinical,"""congenital monster"" OR ""congenital monstrosity"" OR ""human monster"" OR ""monstrous birth"" OR ""acardiac monster""",1980,1
T3_monster_clinical,"""congenital monster"" OR ""congenital monstrosity"" OR ""human monster"" OR ""monstrous birth"" OR ""acardiac monster""",1981,3
T3_monster_clinical,"""congenital monster"" OR ""congenital monstrosity"" OR ""human monster"" OR ""monstrous birth"" OR ""acardiac monster""",1982,4
T3_monster_clinical,"""congenital monster"" OR ""congenital monstrosity"" OR ""human monster"" OR ""monstrous birth"" OR ""acardiac monster""",1983,0
T3_monster_clinical,"""congenital monster"" OR ""congenital monstrosity"" OR ""human monster"" OR ""monstrous birth"" OR ""acardiac monster""",1984,2
T3_monster_clinical,"""congenital monster"" OR ""congenital monstrosity"" OR ""human monster"" OR ""monstrous birth"" OR ""acardiac monster""",1985,2
T3_monster_clinical,"""congenital monster"" OR ""congenital monstrosity"" OR ""human monster"" OR ""monstrous birth"" OR ""acardiac monster""",1986,2
T3_monster_clinical,"""congenital monster"" OR ""congenital monstrosity"" OR ""human monster"" OR ""monstrous birth"" OR ""acardiac monster""",1987,1
T3_monster_clinical,"""congenital monster"" OR ""congenital monstrosity"" OR ""human monster"" OR ""monstrous birth"" OR ""acardiac monster""",1988,2
T3_monster_clinical,"""congenital monster"" OR ""congenital monstrosity"" OR ""human monster"" OR ""monstrous birth"" OR ""acardiac monster""",1989,1
T3_monster_clinical,"""congenital monster"" OR ""congenital monstrosity"" OR ""human monster"" OR ""monstrous birth"" OR ""acardiac monster""",1990,0
T3_monster_clinical,"""congenital monster"" OR ""congenital monstrosity"" OR ""human monster"" OR ""monstrous birth"" OR ""acardiac monster""",1991,2
T3_monster_clinical,"""congenital monster"" OR ""congenital monstrosity"" OR ""human monster"" OR ""monstrous birth"" OR ""acardiac monster""",1992,0
T3_monster_clinical,"""congenital monster"" OR ""congenital monstrosity"" OR ""human monster"" OR ""monstrous birth"" OR ""acardiac monster""",1993,0
T3_monster_clinical,"""congenital monster"" OR ""congenital monstrosity"" OR ""human monster"" OR ""monstrous birth"" OR ""acardiac monster""",1994,0
T3_monster_clinical,"""congenital monster"" OR ""congenital monstrosity"" OR ""human monster"" OR ""monstrous birth"" OR ""acardiac monster""",1995,1
T3_monster_clinical,"""congenital monster"" OR ""congenital monstrosity"" OR ""human monster"" OR ""monstrous birth"" OR ""acardiac monster""",1996,0
T3_monster_clinical,"""congenital monster"" OR ""congenital monstrosity"" OR ""human monster"" OR ""monstrous birth"" OR ""acardiac monster""",1997,0
T3_monster_clinical,"""congenital monster"" OR ""congenital monstrosity"" OR ""human monster"" OR ""monstrous birth"" OR ""acardiac monster""",1998,1
T3_monster_clinical,"""congenital monster"" OR ""congenital monstrosity"" OR ""human monster"" OR ""monstrous birth"" OR ""acardiac monster""",1999,0
T3_monster_clinical,"""congenital monster"" OR ""congenital monstrosity"" OR ""human monster"" OR ""monstrous birth"" OR ""acardiac monster""",2000,0
T3_monster_clinical,"""congenital monster"" OR ""congenital monstrosity"" OR ""human monster"" OR ""monstrous birth"" OR ""acardiac monster""",2001,0
T3_monster_clinical,"""congenital monster"" OR ""congenital monstrosity"" OR ""human monster"" OR ""monstrous birth"" OR ""acardiac monster""",2002,0
T3_monster_clinical,"""congenital monster"" OR ""congenital monstrosity"" OR ""human monster"" OR ""monstrous birth"" OR ""acardiac monster""",2003,0
T3_monster_clinical,"""congenital monster"" OR ""congenital monstrosity"" OR ""human monster"" OR ""monstrous birth"" OR ""acardiac monster""",2004,1
T3_monster_clinical,"""congenital monster"" OR ""congenital monstrosity"" OR ""human monster"" OR ""monstrous birth"" OR ""acardiac monster""",2005,0
T3_monster_clinical,"""congenital monster"" OR ""congenital monstrosity"" OR ""human monster"" OR ""monstrous birth"" OR ""acardiac monster""",2006,0
T3_monster_clinical,"""congenital monster"" OR ""congenital monstrosity"" OR ""human monster"" OR ""monstrous birth"" OR ""acardiac monster""",2007,1
T3_monster_clinical,"""congenital monster"" OR ""congenital monstrosity"" OR ""human monster"" OR ""monstrous birth"" OR ""acardiac monster""",2008,0
T3_monster_clinical,"""congenital monster"" OR ""congenital monstrosity"" OR ""human monster"" OR ""monstrous birth"" OR ""acardiac monster""",2009,1
T3_monster_clinical,"""congenital monster"" OR ""congenital monstrosity"" OR ""human monster"" OR ""monstrous birth"" OR ""acardiac monster""",2010,0
T3_monster_clinical,"""congenital monster"" OR ""congenital monstrosity"" OR ""human monster"" OR ""monstrous birth"" OR ""acardiac monster""",2011,0
T3_monster_clinical,"""congenital monster"" OR ""congenital monstrosity"" OR ""human monster"" OR ""monstrous birth"" OR ""acardiac monster""",2012,1
T3_monster_clinical,"""congenital monster"" OR ""congenital monstrosity"" OR ""human monster"" OR ""monstrous birth"" OR ""acardiac monster""",2013,0
T3_monster_clinical,"""congenital monster"" OR ""congenital monstrosity"" OR ""human monster"" OR ""monstrous birth"" OR ""acardiac monster""",2014,0
T3_monster_clinical,"""congenital monster"" OR ""congenital monstrosity"" OR ""human monster"" OR ""monstrous birth"" OR ""acardiac monster""",2015,0
T3_monster_clinical,"""congenital monster"" OR ""congenital monstrosity"" OR ""human monster"" OR ""monstrous birth"" OR ""acardiac monster""",2016,0
T3_monster_clinical,"""congenital monster"" OR ""congenital monstrosity"" OR ""human monster"" OR ""monstrous birth"" OR ""acardiac monster""",2017,0
T3_monster_clinical,"""congenital monster"" OR ""congenital monstrosity"" OR ""human monster"" OR ""monstrous birth"" OR ""acardiac monster""",2018,0
T3_monster_clinical,"""congenital monster"" OR ""congenital monstrosity"" OR ""human monster"" OR ""monstrous birth"" OR ""acardiac monster""",2019,1
T3_monster_clinical,"""congenital monster"" OR ""congenital monstrosity"" OR ""human monster"" OR ""monstrous birth"" OR ""acardiac monster""",2020,2
T3_monster_clinical,"""congenital monster"" OR ""congenital monstrosity"" OR ""human monster"" OR ""monstrous birth"" OR ""acardiac monster""",2021,1
T3_monster_clinical,"""congenital monster"" OR ""congenital monstrosity"" OR ""human monster"" OR ""monstrous birth"" OR ""acardiac monster""",2022,0
T3_monster_clinical,"""congenital monster"" OR ""congenital monstrosity"" OR ""human monster"" OR ""monstrous birth"" OR ""acardiac monster""",2023,0
T3_monster_clinical,"""congenital monster"" OR ""congenital monstrosity"" OR ""human monster"" OR ""monstrous birth"" OR ""acardiac monster""",2024,0
T3_freak,"""freak of nature"" OR ""medical freak"" OR ""freaks of nature""",1950,0
T3_freak,"""freak of nature"" OR ""medical freak"" OR ""freaks of nature""",1951,0
T3_freak,"""freak of nature"" OR ""medical freak"" OR ""freaks of nature""",1952,0
T3_freak,"""freak of nature"" OR ""medical freak"" OR ""freaks of nature""",1953,0
T3_freak,"""freak of nature"" OR ""medical freak"" OR ""freaks of nature""",1954,0
T3_freak,"""freak of nature"" OR ""medical freak"" OR ""freaks of nature""",1955,0
T3_freak,"""freak of nature"" OR ""medical freak"" OR ""freaks of nature""",1956,0
T3_freak,"""freak of nature"" OR ""medical freak"" OR ""freaks of nature""",1957,0
T3_freak,"""freak of nature"" OR ""medical freak"" OR ""freaks of nature""",1958,0
T3_freak,"""freak of nature"" OR ""medical freak"" OR ""freaks of nature""",1959,0
T3_freak,"""freak of nature"" OR ""medical freak"" OR ""freaks of nature""",1960,0
T3_freak,"""freak of nature"" OR ""medical freak"" OR ""freaks of nature""",1961,0
T3_freak,"""freak of nature"" OR ""medical freak"" OR ""freaks of nature""",1962,0
T3_freak,"""freak of nature"" OR ""medical freak"" OR ""freaks of nature""",1963,0
T3_freak,"""freak of nature"" OR ""medical freak"" OR ""freaks of nature""",1964,0
T3_freak,"""freak of nature"" OR ""medical freak"" OR ""freaks of nature""",1965,0
T3_freak,"""freak of nature"" OR ""medical freak"" OR ""freaks of nature""",1966,0
T3_freak,"""freak of nature"" OR ""medical freak"" OR ""freaks of nature""",1967,0
T3_freak,"""freak of nature"" OR ""medical freak"" OR ""freaks of nature""",1968,0
T3_freak,"""freak of nature"" OR ""medical freak"" OR ""freaks of nature""",1969,0
T3_freak,"""freak of nature"" OR ""medical freak"" OR ""freaks of nature""",1970,0
T3_freak,"""freak of nature"" OR ""medical freak"" OR ""freaks of nature""",1971,0
T3_freak,"""freak of nature"" OR ""medical freak"" OR ""freaks of nature""",1972,0
T3_freak,"""freak of nature"" OR ""medical freak"" OR ""freaks of nature""",1973,0
T3_freak,"""freak of nature"" OR ""medical freak"" OR ""freaks of nature""",1974,0
T3_freak,"""freak of nature"" OR ""medical freak"" OR ""freaks of nature""",1975,0
T3_freak,"""freak of nature"" OR ""medical freak"" OR ""freaks of nature""",1976,0
T3_freak,"""freak of nature"" OR ""medical freak"" OR ""freaks of nature""",1977,0
T3_freak,"""freak of nature"" OR ""medical freak"" OR ""freaks of nature""",1978,0
T3_freak,"""freak of nature"" OR ""medical freak"" OR ""freaks of nature""",1979,0
T3_freak,"""freak of nature"" OR ""medical freak"" OR ""freaks of nature""",1980,0
T3_freak,"""freak of nature"" OR ""medical freak"" OR ""freaks of nature""",1981,0
T3_freak,"""freak of nature"" OR ""medical freak"" OR ""freaks of nature""",1982,0
T3_freak,"""freak of nature"" OR ""medical freak"" OR ""freaks of nature""",1983,0
T3_freak,"""freak of nature"" OR ""medical freak"" OR ""freaks of nature""",1984,0
T3_freak,"""freak of nature"" OR ""medical freak"" OR ""freaks of nature""",1985,0
T3_freak,"""freak of nature"" OR ""medical freak"" OR ""freaks of nature""",1986,0
T3_freak,"""freak of nature"" OR ""medical freak"" OR ""freaks of nature""",1987,0
T3_freak,"""freak of nature"" OR ""medical freak"" OR ""freaks of nature""",1988,0
T3_freak,"""freak of nature"" OR ""medical freak"" OR ""freaks of nature""",1989,0
T3_freak,"""freak of nature"" OR ""medical freak"" OR ""freaks of nature""",1990,0
T3_freak,"""freak of nature"" OR ""medical freak"" OR ""freaks of nature""",1991,0
T3_freak,"""freak of nature"" OR ""medical freak"" OR ""freaks of nature""",1992,0
T3_freak,"""freak of nature"" OR ""medical freak"" OR ""freaks of nature""",1993,0
T3_freak,"""freak of nature"" OR ""medical freak"" OR ""freaks of nature""",1994,0
T3_freak,"""freak of nature"" OR ""medical freak"" OR ""freaks of nature""",1995,0
T3_freak,"""freak of nature"" OR ""medical freak"" OR ""freaks of nature""",1996,0
T3_freak,"""freak of nature"" OR ""medical freak"" OR ""freaks of nature""",1997,0
T3_freak,"""freak of nature"" OR ""medical freak"" OR ""freaks of nature""",1998,0
T3_freak,"""freak of nature"" OR ""medical freak"" OR ""freaks of nature""",1999,0
T3_freak,"""freak of nature"" OR ""medical freak"" OR ""freaks of nature""",2000,0
T3_freak,"""freak of nature"" OR ""medical freak"" OR ""freaks of nature""",2001,0
T3_freak,"""freak of nature"" OR ""medical freak"" OR ""freaks of nature""",2002,0
T3_freak,"""freak of nature"" OR ""medical freak"" OR ""freaks of nature""",2003,0
T3_freak,"""freak of nature"" OR ""medical freak"" OR ""freaks of nature""",2004,0
T3_freak,"""freak of nature"" OR ""medical freak"" OR ""freaks of nature""",2005,0
T3_freak,"""freak of nature"" OR ""medical freak"" OR ""freaks of nature""",2006,0
T3_freak,"""freak of nature"" OR ""medical freak"" OR ""freaks of nature""",2007,0
T3_freak,"""freak of nature"" OR ""medical freak"" OR ""freaks of nature""",2008,0
T3_freak,"""freak of nature"" OR ""medical freak"" OR ""freaks of nature""",2009,0
T3_freak,"""freak of nature"" OR ""medical freak"" OR ""freaks of nature""",2010,0
T3_freak,"""freak of nature"" OR ""medical freak"" OR ""freaks of nature""",2011,0
T3_freak,"""freak of nature"" OR ""medical freak"" OR ""freaks of nature""",2012,0
T3_freak,"""freak of nature"" OR ""medical freak"" OR ""freaks of nature""",2013,0
T3_freak,"""freak of nature"" OR ""medical freak"" OR ""freaks of nature""",2014,0
T3_freak,"""freak of nature"" OR ""medical freak"" OR ""freaks of nature""",2015,0
T3_freak,"""freak of nature"" OR ""medical freak"" OR ""freaks of nature""",2016,0
T3_freak,"""freak of nature"" OR ""medical freak"" OR ""freaks of nature""",2017,0
T3_freak,"""freak of nature"" OR ""medical freak"" OR ""freaks of nature""",2018,0
T3_freak,"""freak of nature"" OR ""medical freak"" OR ""freaks of nature""",2019,0
T3_freak,"""freak of nature"" OR ""medical freak"" OR ""freaks of nature""",2020,0
T3_freak,"""freak of nature"" OR ""medical freak"" OR ""freaks of nature""",2021,0
T3_freak,"""freak of nature"" OR ""medical freak"" OR ""freaks of nature""",2022,0
T3_freak,"""freak of nature"" OR ""medical freak"" OR ""freaks of nature""",2023,0
T3_freak,"""freak of nature"" OR ""medical freak"" OR ""freaks of nature""",2024,0
T3_midget,midget OR midgets,1950,0
T3_midget,midget OR midgets,1951,0
T3_midget,midget OR midgets,1952,0
T3_midget,midget OR midgets,1953,0
T3_midget,midget OR midgets,1954,0
T3_midget,midget OR midgets,1955,1
T3_midget,midget OR midgets,1956,1
T3_midget,midget OR midgets,1957,3
T3_midget,midget OR midgets,1958,1
T3_midget,midget OR midgets,1959,1
T3_midget,midget OR midgets,1960,0
T3_midget,midget OR midgets,1961,0
T3_midget,midget OR midgets,1962,1
T3_midget,midget OR midgets,1963,0
T3_midget,midget OR midgets,1964,0
T3_midget,midget OR midgets,1965,2
T3_midget,midget OR midgets,1966,1
T3_midget,midget OR midgets,1967,4
T3_midget,midget OR midgets,1968,1
T3_midget,midget OR midgets,1969,2
T3_midget,midget OR midgets,1970,2
T3_midget,midget OR midgets,1971,1
T3_midget,midget OR midgets,1972,0
T3_midget,midget OR midgets,1973,0
T3_midget,midget OR midgets,1974,2
T3_midget,midget OR midgets,1975,1
T3_midget,midget OR midgets,1976,2
T3_midget,midget OR midgets,1977,2
T3_midget,midget OR midgets,1978,3
T3_midget,midget OR midgets,1979,3
T3_midget,midget OR midgets,1980,3
T3_midget,midget OR midgets,1981,4
T3_midget,midget OR midgets,1982,1
T3_midget,midget OR midgets,1983,1
T3_midget,midget OR midgets,1984,5
T3_midget,midget OR midgets,1985,4
T3_midget,midget OR midgets,1986,5
T3_midget,midget OR midgets,1987,4
T3_midget,midget OR midgets,1988,4
T3_midget,midget OR midgets,1989,2
T3_midget,midget OR midgets,1990,3
T3_midget,midget OR midgets,1991,5
T3_midget,midget OR midgets,1992,7
T3_midget,midget OR midgets,1993,5
T3_midget,midget OR midgets,1994,16
T3_midget,midget OR midgets,1995,4
T3_midget,midget OR midgets,1996,13
T3_midget,midget OR midgets,1997,7
T3_midget,midget OR midgets,1998,8
T3_midget,midget OR midgets,1999,4
T3_midget,midget OR midgets,2000,11
T3_midget,midget OR midgets,2001,5
T3_midget,midget OR midgets,2002,5
T3_midget,midget OR midgets,2003,12
T3_midget,midget OR midgets,2004,4
T3_midget,midget OR midgets,2005,7
T3_midget,midget OR midgets,2006,7
T3_midget,midget OR midgets,2007,8
T3_midget,midget OR midgets,2008,5
T3_midget,midget OR midgets,2009,10
T3_midget,midget OR midgets,2010,13
T3_midget,midget OR midgets,2011,12
T3_midget,midget OR midgets,2012,10
T3_midget,midget OR midgets,2013,18
T3_midget,midget OR midgets,2014,12
T3_midget,midget OR midgets,2015,10
T3_midget,midget OR midgets,2016,7
T3_midget,midget OR midgets,2017,7
T3_midget,midget OR midgets,2018,11
T3_midget,midget OR midgets,2019,8
T3_midget,midget OR midgets,2020,14
T3_midget,midget OR midgets,2021,12
T3_midget,midget OR midgets,2022,14
T3_midget,midget OR midgets,2023,8
T3_midget,midget OR midgets,2024,10
T3_dwarf_clinical,"dwarfism OR dwarf OR ""primordial dwarf""",1950,44
T3_dwarf_clinical,"dwarfism OR dwarf OR ""primordial dwarf""",1951,20
T3_dwarf_clinical,"dwarfism OR dwarf OR ""primordial dwarf""",1952,27
T3_dwarf_clinical,"dwarfism OR dwarf OR ""primordial dwarf""",1953,29
T3_dwarf_clinical,"dwarfism OR dwarf OR ""primordial dwarf""",1954,31
T3_dwarf_clinical,"dwarfism OR dwarf OR ""primordial dwarf""",1955,26
T3_dwarf_clinical,"dwarfism OR dwarf OR ""primordial dwarf""",1956,46
T3_dwarf_clinical,"dwarfism OR dwarf OR ""primordial dwarf""",1957,37
T3_dwarf_clinical,"dwarfism OR dwarf OR ""primordial dwarf""",1958,28
T3_dwarf_clinical,"dwarfism OR dwarf OR ""primordial dwarf""",1959,46
T3_dwarf_clinical,"dwarfism OR dwarf OR ""primordial dwarf""",1960,33
T3_dwarf_clinical,"dwarfism OR dwarf OR ""primordial dwarf""",1961,50
T3_dwarf_clinical,"dwarfism OR dwarf OR ""primordial dwarf""",1962,59
T3_dwarf_clinical,"dwarfism OR dwarf OR ""primordial dwarf""",1963,103
T3_dwarf_clinical,"dwarfism OR dwarf OR ""primordial dwarf""",1964,122
T3_dwarf_clinical,"dwarfism OR dwarf OR ""primordial dwarf""",1965,93
T3_dwarf_clinical,"dwarfism OR dwarf OR ""primordial dwarf""",1966,67
T3_dwarf_clinical,"dwarfism OR dwarf OR ""primordial dwarf""",1967,82
T3_dwarf_clinical,"dwarfism OR dwarf OR ""primordial dwarf""",1968,78
T3_dwarf_clinical,"dwarfism OR dwarf OR ""primordial dwarf""",1969,79
T3_dwarf_clinical,"dwarfism OR dwarf OR ""primordial dwarf""",1970,99
T3_dwarf_clinical,"dwarfism OR dwarf OR ""primordial dwarf""",1971,97
T3_dwarf_clinical,"dwarfism OR dwarf OR ""primordial dwarf""",1972,105
T3_dwarf_clinical,"dwarfism OR dwarf OR ""primordial dwarf""",1973,91
T3_dwarf_clinical,"dwarfism OR dwarf OR ""primordial dwarf""",1974,99
T3_dwarf_clinical,"dwarfism OR dwarf OR ""primordial dwarf""",1975,140
T3_dwarf_clinical,"dwarfism OR dwarf OR ""primordial dwarf""",1976,119
T3_dwarf_clinical,"dwarfism OR dwarf OR ""primordial dwarf""",1977,114
T3_dwarf_clinical,"dwarfism OR dwarf OR ""primordial dwarf""",1978,127
T3_dwarf_clinical,"dwarfism OR dwarf OR ""primordial dwarf""",1979,92
T3_dwarf_clinical,"dwarfism OR dwarf OR ""primordial dwarf""",1980,109
T3_dwarf_clinical,"dwarfism OR dwarf OR ""primordial dwarf""",1981,106
T3_dwarf_clinical,"dwarfism OR dwarf OR ""primordial dwarf""",1982,115
T3_dwarf_clinical,"dwarfism OR dwarf OR ""primordial dwarf""",1983,129
T3_dwarf_clinical,"dwarfism OR dwarf OR ""primordial dwarf""",1984,136
T3_dwarf_clinical,"dwarfism OR dwarf OR ""primordial dwarf""",1985,110
T3_dwarf_clinical,"dwarfism OR dwarf OR ""primordial dwarf""",1986,135
T3_dwarf_clinical,"dwarfism OR dwarf OR ""primordial dwarf""",1987,118
T3_dwarf_clinical,"dwarfism OR dwarf OR ""primordial dwarf""",1988,120
T3_dwarf_clinical,"dwarfism OR dwarf OR ""primordial dwarf""",1989,151
T3_dwarf_clinical,"dwarfism OR dwarf OR ""primordial dwarf""",1990,177
T3_dwarf_clinical,"dwarfism OR dwarf OR ""primordial dwarf""",1991,188
T3_dwarf_clinical,"dwarfism OR dwarf OR ""primordial dwarf""",1992,151
T3_dwarf_clinical,"dwarfism OR dwarf OR ""primordial dwarf""",1993,174
T3_dwarf_clinical,"dwarfism OR dwarf OR ""primordial dwarf""",1994,154
T3_dwarf_clinical,"dwarfism OR dwarf OR ""primordial dwarf""",1995,166
T3_dwarf_clinical,"dwarfism OR dwarf OR ""primordial dwarf""",1996,182
T3_dwarf_clinical,"dwarfism OR dwarf OR ""primordial dwarf""",1997,167
T3_dwarf_clinical,"dwarfism OR dwarf OR ""primordial dwarf""",1998,198
T3_dwarf_clinical,"dwarfism OR dwarf OR ""primordial dwarf""",1999,179
T3_dwarf_clinical,"dwarfism OR dwarf OR ""primordial dwarf""",2000,245
T3_dwarf_clinical,"dwarfism OR dwarf OR ""primordial dwarf""",2001,256
T3_dwarf_clinical,"dwarfism OR dwarf OR ""primordial dwarf""",2002,244
T3_dwarf_clinical,"dwarfism OR dwarf OR ""primordial dwarf""",2003,234
T3_dwarf_clinical,"dwarfism OR dwarf OR ""primordial dwarf""",2004,273
T3_dwarf_clinical,"dwarfism OR dwarf OR ""primordial dwarf""",2005,267
T3_dwarf_clinical,"dwarfism OR dwarf OR ""primordial dwarf""",2006,298
T3_dwarf_clinical,"dwarfism OR dwarf OR ""primordial dwarf""",2007,308
T3_dwarf_clinical,"dwarfism OR dwarf OR ""primordial dwarf""",2008,269
T3_dwarf_clinical,"dwarfism OR dwarf OR ""primordial dwarf""",2009,336
T3_dwarf_clinical,"dwarfism OR dwarf OR ""primordial dwarf""",2010,360
T3_dwarf_clinical,"dwarfism OR dwarf OR ""primordial dwarf""",2011,369
T3_dwarf_clinical,"dwarfism OR dwarf OR ""primordial dwarf""",2012,416
T3_dwarf_clinical,"dwarfism OR dwarf OR ""primordial dwarf""",2013,443
T3_dwarf_clinical,"dwarfism OR dwarf OR ""primordial dwarf""",2014,490
T3_dwarf_clinical,"dwarfism OR dwarf OR ""primordial dwarf""",2015,541
T3_dwarf_clinical,"dwarfism OR dwarf OR ""primordial dwarf""",2016,536
T3_dwarf_clinical,"dwarfism OR dwarf OR ""primordial dwarf""",2017,484
T3_dwarf_clinical,"dwarfism OR dwarf OR ""primordial dwarf""",2018,486
T3_dwarf_clinical,"dwarfism OR dwarf OR ""primordial dwarf""",2019,506
T3_dwarf_clinical,"dwarfism OR dwarf OR ""primordial dwarf""",2020,568
T3_dwarf_clinical,"dwarfism OR dwarf OR ""primordial dwarf""",2021,614
T3_dwarf_clinical,"dwarfism OR dwarf OR ""primordial dwarf""",2022,594
T3_dwarf_clinical,"dwarfism OR dwarf OR ""primordial dwarf""",2023,548
T3_dwarf_clinical,"dwarfism OR dwarf OR ""primordial dwarf""",2024,631
T3_bastard,"""bastard child"" OR ""bastard children"" OR ""bastardy""",1950,0
T3_bastard,"""bastard child"" OR ""bastard children"" OR ""bastardy""",1951,0
T3_bastard,"""bastard child"" OR ""bastard children"" OR ""bastardy""",1952,0
T3_bastard,"""bastard child"" OR ""bastard children"" OR ""bastardy""",1953,0
T3_bastard,"""bastard child"" OR ""bastard children"" OR ""bastardy""",1954,0
T3_bastard,"""bastard child"" OR ""bastard children"" OR ""bastardy""",1955,0
T3_bastard,"""bastard child"" OR ""bastard children"" OR ""bastardy""",1956,0
T3_bastard,"""bastard child"" OR ""bastard children"" OR ""bastardy""",1957,0
T3_bastard,"""bastard child"" OR ""bastard children"" OR ""bastardy""",1958,0
T3_bastard,"""bastard child"" OR ""bastard children"" OR ""bastardy""",1959,0
T3_bastard,"""bastard child"" OR ""bastard children"" OR ""bastardy""",1960,0
T3_bastard,"""bastard child"" OR ""bastard children"" OR ""bastardy""",1961,0
T3_bastard,"""bastard child"" OR ""bastard children"" OR ""bastardy""",1962,0
T3_bastard,"""bastard child"" OR ""bastard children"" OR ""bastardy""",1963,0
T3_bastard,"""bastard child"" OR ""bastard children"" OR ""bastardy""",1964,0
T3_bastard,"""bastard child"" OR ""bastard children"" OR ""bastardy""",1965,0
T3_bastard,"""bastard child"" OR ""bastard children"" OR ""bastardy""",1966,0
T3_bastard,"""bastard child"" OR ""bastard children"" OR ""bastardy""",1967,0
T3_bastard,"""bastard child"" OR ""bastard children"" OR ""bastardy""",1968,0
T3_bastard,"""bastard child"" OR ""bastard children"" OR ""bastardy""",1969,0
T3_bastard,"""bastard child"" OR ""bastard children"" OR ""bastardy""",1970,0
T3_bastard,"""bastard child"" OR ""bastard children"" OR ""bastardy""",1971,0
T3_bastard,"""bastard child"" OR ""bastard children"" OR ""bastardy""",1972,0
T3_bastard,"""bastard child"" OR ""bastard children"" OR ""bastardy""",1973,1
T3_bastard,"""bastard child"" OR ""bastard children"" OR ""bastardy""",1974,0
T3_bastard,"""bastard child"" OR ""bastard children"" OR ""bastardy""",1975,0
T3_bastard,"""bastard child"" OR ""bastard children"" OR ""bastardy""",1976,1
T3_bastard,"""bastard child"" OR ""bastard children"" OR ""bastardy""",1977,0
T3_bastard,"""bastard child"" OR ""bastard children"" OR ""bastardy""",1978,0
T3_bastard,"""bastard child"" OR ""bastard children"" OR ""bastardy""",1979,0
T3_bastard,"""bastard child"" OR ""bastard children"" OR ""bastardy""",1980,1
T3_bastard,"""bastard child"" OR ""bastard children"" OR ""bastardy""",1981,1
T3_bastard,"""bastard child"" OR ""bastard children"" OR ""bastardy""",1982,0
T3_bastard,"""bastard child"" OR ""bastard children"" OR ""bastardy""",1983,0
T3_bastard,"""bastard child"" OR ""bastard children"" OR ""bastardy""",1984,0
T3_bastard,"""bastard child"" OR ""bastard children"" OR ""bastardy""",1985,0
T3_bastard,"""bastard child"" OR ""bastard children"" OR ""bastardy""",1986,0
T3_bastard,"""bastard child"" OR ""bastard children"" OR ""bastardy""",1987,0
T3_bastard,"""bastard child"" OR ""bastard children"" OR ""bastardy""",1988,1
T3_bastard,"""bastard child"" OR ""bastard children"" OR ""bastardy""",1989,0
T3_bastard,"""bastard child"" OR ""bastard children"" OR ""bastardy""",1990,0
T3_bastard,"""bastard child"" OR ""bastard children"" OR ""bastardy""",1991,0
T3_bastard,"""bastard child"" OR ""bastard children"" OR ""bastardy""",1992,0
T3_bastard,"""bastard child"" OR ""bastard children"" OR ""bastardy""",1993,0
T3_bastard,"""bastard child"" OR ""bastard children"" OR ""bastardy""",1994,0
T3_bastard,"""bastard child"" OR ""bastard children"" OR ""bastardy""",1995,0
T3_bastard,"""bastard child"" OR ""bastard children"" OR ""bastardy""",1996,0
T3_bastard,"""bastard child"" OR ""bastard children"" OR ""bastardy""",1997,0
T3_bastard,"""bastard child"" OR ""bastard children"" OR ""bastardy""",1998,0
T3_bastard,"""bastard child"" OR ""bastard children"" OR ""bastardy""",1999,1
T3_bastard,"""bastard child"" OR ""bastard children"" OR ""bastardy""",2000,0
T3_bastard,"""bastard child"" OR ""bastard children"" OR ""bastardy""",2001,1
T3_bastard,"""bastard child"" OR ""bastard children"" OR ""bastardy""",2002,1
T3_bastard,"""bastard child"" OR ""bastard children"" OR ""bastardy""",2003,0
T3_bastard,"""bastard child"" OR ""bastard children"" OR ""bastardy""",2004,0
T3_bastard,"""bastard child"" OR ""bastard children"" OR ""bastardy""",2005,0
T3_bastard,"""bastard child"" OR ""bastard children"" OR ""bastardy""",2006,0
T3_bastard,"""bastard child"" OR ""bastard children"" OR ""bastardy""",2007,0
T3_bastard,"""bastard child"" OR ""bastard children"" OR ""bastardy""",2008,0
T3_bastard,"""bastard child"" OR ""bastard children"" OR ""bastardy""",2009,0
T3_bastard,"""bastard child"" OR ""bastard children"" OR ""bastardy""",2010,0
T3_bastard,"""bastard child"" OR ""bastard children"" OR ""bastardy""",2011,0
T3_bastard,"""bastard child"" OR ""bastard children"" OR ""bastardy""",2012,0
T3_bastard,"""bastard child"" OR ""bastard children"" OR ""bastardy""",2013,0
T3_bastard,"""bastard child"" OR ""bastard children"" OR ""bastardy""",2014,1
T3_bastard,"""bastard child"" OR ""bastard children"" OR ""bastardy""",2015,0
T3_bastard,"""bastard child"" OR ""bastard children"" OR ""bastardy""",2016,1
T3_bastard,"""bastard child"" OR ""bastard children"" OR ""bastardy""",2017,0
T3_bastard,"""bastard child"" OR ""bastard children"" OR ""bastardy""",2018,0
T3_bastard,"""bastard child"" OR ""bastard children"" OR ""bastardy""",2019,0
T3_bastard,"""bastard child"" OR ""bastard children"" OR ""bastardy""",2020,0
T3_bastard,"""bastard child"" OR ""bastard children"" OR ""bastardy""",2021,0
T3_bastard,"""bastard child"" OR ""bastard children"" OR ""bastardy""",2022,0
T3_bastard,"""bastard child"" OR ""bastard children"" OR ""bastardy""",2023,0
T3_bastard,"""bastard child"" OR ""bastard children"" OR ""bastardy""",2024,0
T3_lunatic,"lunatic OR lunatics OR ""lunatic asylum"" OR lunacy",1950,0
T3_lunatic,"lunatic OR lunatics OR ""lunatic asylum"" OR lunacy",1951,0
T3_lunatic,"lunatic OR lunatics OR ""lunatic asylum"" OR lunacy",1952,0
T3_lunatic,"lunatic OR lunatics OR ""lunatic asylum"" OR lunacy",1953,0
T3_lunatic,"lunatic OR lunatics OR ""lunatic asylum"" OR lunacy",1954,2
T3_lunatic,"lunatic OR lunatics OR ""lunatic asylum"" OR lunacy",1955,2
T3_lunatic,"lunatic OR lunatics OR ""lunatic asylum"" OR lunacy",1956,3
T3_lunatic,"lunatic OR lunatics OR ""lunatic asylum"" OR lunacy",1957,0
T3_lunatic,"lunatic OR lunatics OR ""lunatic asylum"" OR lunacy",1958,1
T3_lunatic,"lunatic OR lunatics OR ""lunatic asylum"" OR lunacy",1959,1
T3_lunatic,"lunatic OR lunatics OR ""lunatic asylum"" OR lunacy",1960,0
T3_lunatic,"lunatic OR lunatics OR ""lunatic asylum"" OR lunacy",1961,1
T3_lunatic,"lunatic OR lunatics OR ""lunatic asylum"" OR lunacy",1962,0
T3_lunatic,"lunatic OR lunatics OR ""lunatic asylum"" OR lunacy",1963,1
T3_lunatic,"lunatic OR lunatics OR ""lunatic asylum"" OR lunacy",1964,2
T3_lunatic,"lunatic OR lunatics OR ""lunatic asylum"" OR lunacy",1965,0
T3_lunatic,"lunatic OR lunatics OR ""lunatic asylum"" OR lunacy",1966,2
T3_lunatic,"lunatic OR lunatics OR ""lunatic asylum"" OR lunacy",1967,0
T3_lunatic,"lunatic OR lunatics OR ""lunatic asylum"" OR lunacy",1968,0
T3_lunatic,"lunatic OR lunatics OR ""lunatic asylum"" OR lunacy",1969,2
T3_lunatic,"lunatic OR lunatics OR ""lunatic asylum"" OR lunacy",1970,1
T3_lunatic,"lunatic OR lunatics OR ""lunatic asylum"" OR lunacy",1971,2
T3_lunatic,"lunatic OR lunatics OR ""lunatic asylum"" OR lunacy",1972,1
T3_lunatic,"lunatic OR lunatics OR ""lunatic asylum"" OR lunacy",1973,3
T3_lunatic,"lunatic OR lunatics OR ""lunatic asylum"" OR lunacy",1974,1
T3_lunatic,"lunatic OR lunatics OR ""lunatic asylum"" OR lunacy",1975,1
T3_lunatic,"lunatic OR lunatics OR ""lunatic asylum"" OR lunacy",1976,1
T3_lunatic,"lunatic OR lunatics OR ""lunatic asylum"" OR lunacy",1977,3
T3_lunatic,"lunatic OR lunatics OR ""lunatic asylum"" OR lunacy",1978,6
T3_lunatic,"lunatic OR lunatics OR ""lunatic asylum"" OR lunacy",1979,3
T3_lunatic,"lunatic OR lunatics OR ""lunatic asylum"" OR lunacy",1980,8
T3_lunatic,"lunatic OR lunatics OR ""lunatic asylum"" OR lunacy",1981,7
T3_lunatic,"lunatic OR lunatics OR ""lunatic asylum"" OR lunacy",1982,2
T3_lunatic,"lunatic OR lunatics OR ""lunatic asylum"" OR lunacy",1983,4
T3_lunatic,"lunatic OR lunatics OR ""lunatic asylum"" OR lunacy",1984,2
T3_lunatic,"lunatic OR lunatics OR ""lunatic asylum"" OR lunacy",1985,5
T3_lunatic,"lunatic OR lunatics OR ""lunatic asylum"" OR lunacy",1986,4
T3_lunatic,"lunatic OR lunatics OR ""lunatic asylum"" OR lunacy",1987,9
T3_lunatic,"lunatic OR lunatics OR ""lunatic asylum"" OR lunacy",1988,3
T3_lunatic,"lunatic OR lunatics OR ""lunatic asylum"" OR lunacy",1989,8
T3_lunatic,"lunatic OR lunatics OR ""lunatic asylum"" OR lunacy",1990,3
T3_lunatic,"lunatic OR lunatics OR ""lunatic asylum"" OR lunacy",1991,5
T3_lunatic,"lunatic OR lunatics OR ""lunatic asylum"" OR lunacy",1992,6
T3_lunatic,"lunatic OR lunatics OR ""lunatic asylum"" OR lunacy",1993,9
T3_lunatic,"lunatic OR lunatics OR ""lunatic asylum"" OR lunacy",1994,4
T3_lunatic,"lunatic OR lunatics OR ""lunatic asylum"" OR lunacy",1995,6
T3_lunatic,"lunatic OR lunatics OR ""lunatic asylum"" OR lunacy",1996,9
T3_lunatic,"lunatic OR lunatics OR ""lunatic asylum"" OR lunacy",1997,6
T3_lunatic,"lunatic OR lunatics OR ""lunatic asylum"" OR lunacy",1998,19
T3_lunatic,"lunatic OR lunatics OR ""lunatic asylum"" OR lunacy",1999,19
T3_lunatic,"lunatic OR lunatics OR ""lunatic asylum"" OR lunacy",2000,17
T3_lunatic,"lunatic OR lunatics OR ""lunatic asylum"" OR lunacy",2001,23
T3_lunatic,"lunatic OR lunatics OR ""lunatic asylum"" OR lunacy",2002,17
T3_lunatic,"lunatic OR lunatics OR ""lunatic asylum"" OR lunacy",2003,15
T3_lunatic,"lunatic OR lunatics OR ""lunatic asylum"" OR lunacy",2004,20
T3_lunatic,"lunatic OR lunatics OR ""lunatic asylum"" OR lunacy",2005,17
T3_lunatic,"lunatic OR lunatics OR ""lunatic asylum"" OR lunacy",2006,19
T3_lunatic,"lunatic OR lunatics OR ""lunatic asylum"" OR lunacy",2007,23
T3_lunatic,"lunatic OR lunatics OR ""lunatic asylum"" OR lunacy",2008,23
T3_lunatic,"lunatic OR lunatics OR ""lunatic asylum"" OR lunacy",2009,26
T3_lunatic,"lunatic OR lunatics OR ""lunatic asylum"" OR lunacy",2010,13
T3_lunatic,"lunatic OR lunatics OR ""lunatic asylum"" OR lunacy",2011,16
T3_lunatic,"lunatic OR lunatics OR ""lunatic asylum"" OR lunacy",2012,24
T3_lunatic,"lunatic OR lunatics OR ""lunatic asylum"" OR lunacy",2013,23
T3_lunatic,"lunatic OR lunatics OR ""lunatic asylum"" OR lunacy",2014,20
T3_lunatic,"lunatic OR lunatics OR ""lunatic asylum"" OR lunacy",2015,13
T3_lunatic,"lunatic OR lunatics OR ""lunatic asylum"" OR lunacy",2016,15
T3_lunatic,"lunatic OR lunatics OR ""lunatic asylum"" OR lunacy",2017,26
T3_lunatic,"lunatic OR lunatics OR ""lunatic asylum"" OR lunacy",2018,21
T3_lunatic,"lunatic OR lunatics OR ""lunatic asylum"" OR lunacy",2019,9
T3_lunatic,"lunatic OR lunatics OR ""lunatic asylum"" OR lunacy",2020,10
T3_lunatic,"lunatic OR lunatics OR ""lunatic asylum"" OR lunacy",2021,22
T3_lunatic,"lunatic OR lunatics OR ""lunatic asylum"" OR lunacy",2022,14
T3_lunatic,"lunatic OR lunatics OR ""lunatic asylum"" OR lunacy",2023,23
T3_lunatic,"lunatic OR lunatics OR ""lunatic asylum"" OR lunacy",2024,13
T3_whore_harlot,"whore OR whores OR harlot OR harlots OR ""common prostitute""",1950,0
T3_whore_harlot,"whore OR whores OR harlot OR harlots OR ""common prostitute""",1951,0
T3_whore_harlot,"whore OR whores OR harlot OR harlots OR ""common prostitute""",1952,0
T3_whore_harlot,"whore OR whores OR harlot OR harlots OR ""common prostitute""",1953,0
T3_whore_harlot,"whore OR whores OR harlot OR harlots OR ""common prostitute""",1954,0
T3_whore_harlot,"whore OR whores OR harlot OR harlots OR ""common prostitute""",1955,0
T3_whore_harlot,"whore OR whores OR harlot OR harlots OR ""common prostitute""",1956,0
T3_whore_harlot,"whore OR whores OR harlot OR harlots OR ""common prostitute""",1957,0
T3_whore_harlot,"whore OR whores OR harlot OR harlots OR ""common prostitute""",1958,0
T3_whore_harlot,"whore OR whores OR harlot OR harlots OR ""common prostitute""",1959,0
T3_whore_harlot,"whore OR whores OR harlot OR harlots OR ""common prostitute""",1960,0
T3_whore_harlot,"whore OR whores OR harlot OR harlots OR ""common prostitute""",1961,0
T3_whore_harlot,"whore OR whores OR harlot OR harlots OR ""common prostitute""",1962,0
T3_whore_harlot,"whore OR whores OR harlot OR harlots OR ""common prostitute""",1963,0
T3_whore_harlot,"whore OR whores OR harlot OR harlots OR ""common prostitute""",1964,0
T3_whore_harlot,"whore OR whores OR harlot OR harlots OR ""common prostitute""",1965,0
T3_whore_harlot,"whore OR whores OR harlot OR harlots OR ""common prostitute""",1966,0
T3_whore_harlot,"whore OR whores OR harlot OR harlots OR ""common prostitute""",1967,0
T3_whore_harlot,"whore OR whores OR harlot OR harlots OR ""common prostitute""",1968,0
T3_whore_harlot,"whore OR whores OR harlot OR harlots OR ""common prostitute""",1969,1
T3_whore_harlot,"whore OR whores OR harlot OR harlots OR ""common prostitute""",1970,0
T3_whore_harlot,"whore OR whores OR harlot OR harlots OR ""common prostitute""",1971,0
T3_whore_harlot,"whore OR whores OR harlot OR harlots OR ""common prostitute""",1972,1
T3_whore_harlot,"whore OR whores OR harlot OR harlots OR ""common prostitute""",1973,0
T3_whore_harlot,"whore OR whores OR harlot OR harlots OR ""common prostitute""",1974,1
T3_whore_harlot,"whore OR whores OR harlot OR harlots OR ""common prostitute""",1975,0
T3_whore_harlot,"whore OR whores OR harlot OR harlots OR ""common prostitute""",1976,0
T3_whore_harlot,"whore OR whores OR harlot OR harlots OR ""common prostitute""",1977,0
T3_whore_harlot,"whore OR whores OR harlot OR harlots OR ""common prostitute""",1978,0
T3_whore_harlot,"whore OR whores OR harlot OR harlots OR ""common prostitute""",1979,1
T3_whore_harlot,"whore OR whores OR harlot OR harlots OR ""common prostitute""",1980,0
T3_whore_harlot,"whore OR whores OR harlot OR harlots OR ""common prostitute""",1981,0
T3_whore_harlot,"whore OR whores OR harlot OR harlots OR ""common prostitute""",1982,0
T3_whore_harlot,"whore OR whores OR harlot OR harlots OR ""common prostitute""",1983,0
T3_whore_harlot,"whore OR whores OR harlot OR harlots OR ""common prostitute""",1984,0
T3_whore_harlot,"whore OR whores OR harlot OR harlots OR ""common prostitute""",1985,0
T3_whore_harlot,"whore OR whores OR harlot OR harlots OR ""common prostitute""",1986,1
T3_whore_harlot,"whore OR whores OR harlot OR harlots OR ""common prostitute""",1987,0
T3_whore_harlot,"whore OR whores OR harlot OR harlots OR ""common prostitute""",1988,0
T3_whore_harlot,"whore OR whores OR harlot OR harlots OR ""common prostitute""",1989,0
T3_whore_harlot,"whore OR whores OR harlot OR harlots OR ""common prostitute""",1990,2
T3_whore_harlot,"whore OR whores OR harlot OR harlots OR ""common prostitute""",1991,1
T3_whore_harlot,"whore OR whores OR harlot OR harlots OR ""common prostitute""",1992,1
T3_whore_harlot,"whore OR whores OR harlot OR harlots OR ""common prostitute""",1993,0
T3_whore_harlot,"whore OR whores OR harlot OR harlots OR ""common prostitute""",1994,2
T3_whore_harlot,"whore OR whores OR harlot OR harlots OR ""common prostitute""",1995,1
T3_whore_harlot,"whore OR whores OR harlot OR harlots OR ""common prostitute""",1996,0
T3_whore_harlot,"whore OR whores OR harlot OR harlots OR ""common prostitute""",1997,1
T3_whore_harlot,"whore OR whores OR harlot OR harlots OR ""common prostitute""",1998,1
T3_whore_harlot,"whore OR whores OR harlot OR harlots OR ""common prostitute""",1999,2
T3_whore_harlot,"whore OR whores OR harlot OR harlots OR ""common prostitute""",2000,1
T3_whore_harlot,"whore OR whores OR harlot OR harlots OR ""common prostitute""",2001,0
T3_whore_harlot,"whore OR whores OR harlot OR harlots OR ""common prostitute""",2002,0
T3_whore_harlot,"whore OR whores OR harlot OR harlots OR ""common prostitute""",2003,2
T3_whore_harlot,"whore OR whores OR harlot OR harlots OR ""common prostitute""",2004,1
T3_whore_harlot,"whore OR whores OR harlot OR harlots OR ""common prostitute""",2005,3
T3_whore_harlot,"whore OR whores OR harlot OR harlots OR ""common prostitute""",2006,1
T3_whore_harlot,"whore OR whores OR harlot OR harlots OR ""common prostitute""",2007,1
T3_whore_harlot,"whore OR whores OR harlot OR harlots OR ""common prostitute""",2008,1
T3_whore_harlot,"whore OR whores OR harlot OR harlots OR ""common prostitute""",2009,3
T3_whore_harlot,"whore OR whores OR harlot OR harlots OR ""common prostitute""",2010,2
T3_whore_harlot,"whore OR whores OR harlot OR harlots OR ""common prostitute""",2011,3
T3_whore_harlot,"whore OR whores OR harlot OR harlots OR ""common prostitute""",2012,1
T3_whore_harlot,"whore OR whores OR harlot OR harlots OR ""common prostitute""",2013,2
T3_whore_harlot,"whore OR whores OR harlot OR harlots OR ""common prostitute""",2014,1
T3_whore_harlot,"whore OR whores OR harlot OR harlots OR ""common prostitute""",2015,2
T3_whore_harlot,"whore OR whores OR harlot OR harlots OR ""common prostitute""",2016,2
T3_whore_harlot,"whore OR whores OR harlot OR harlots OR ""common prostitute""",2017,5
T3_whore_harlot,"whore OR whores OR harlot OR harlots OR ""common prostitute""",2018,3
T3_whore_harlot,"whore OR whores OR harlot OR harlots OR ""common prostitute""",2019,2
T3_whore_harlot,"whore OR whores OR harlot OR harlots OR ""common prostitute""",2020,4
T3_whore_harlot,"whore OR whores OR harlot OR harlots OR ""common prostitute""",2021,2
T3_whore_harlot,"whore OR whores OR harlot OR harlots OR ""common prostitute""",2022,4
T3_whore_harlot,"whore OR whores OR harlot OR harlots OR ""common prostitute""",2023,4
T3_whore_harlot,"whore OR whores OR harlot OR harlots OR ""common prostitute""",2024,1
T3_deformed,"""deformed child"" OR ""deformed children"" OR ""hideously deformed"" OR ""facial deformity""",1950,1
T3_deformed,"""deformed child"" OR ""deformed children"" OR ""hideously deformed"" OR ""facial deformity""",1951,1
T3_deformed,"""deformed child"" OR ""deformed children"" OR ""hideously deformed"" OR ""facial deformity""",1952,1
T3_deformed,"""deformed child"" OR ""deformed children"" OR ""hideously deformed"" OR ""facial deformity""",1953,1
T3_deformed,"""deformed child"" OR ""deformed children"" OR ""hideously deformed"" OR ""facial deformity""",1954,1
T3_deformed,"""deformed child"" OR ""deformed children"" OR ""hideously deformed"" OR ""facial deformity""",1955,0
T3_deformed,"""deformed child"" OR ""deformed children"" OR ""hideously deformed"" OR ""facial deformity""",1956,0
T3_deformed,"""deformed child"" OR ""deformed children"" OR ""hideously deformed"" OR ""facial deformity""",1957,0
T3_deformed,"""deformed child"" OR ""deformed children"" OR ""hideously deformed"" OR ""facial deformity""",1958,0
T3_deformed,"""deformed child"" OR ""deformed children"" OR ""hideously deformed"" OR ""facial deformity""",1959,0
T3_deformed,"""deformed child"" OR ""deformed children"" OR ""hideously deformed"" OR ""facial deformity""",1960,0
T3_deformed,"""deformed child"" OR ""deformed children"" OR ""hideously deformed"" OR ""facial deformity""",1961,0
T3_deformed,"""deformed child"" OR ""deformed children"" OR ""hideously deformed"" OR ""facial deformity""",1962,2
T3_deformed,"""deformed child"" OR ""deformed children"" OR ""hideously deformed"" OR ""facial deformity""",1963,1
T3_deformed,"""deformed child"" OR ""deformed children"" OR ""hideously deformed"" OR ""facial deformity""",1964,1
T3_deformed,"""deformed child"" OR ""deformed children"" OR ""hideously deformed"" OR ""facial deformity""",1965,2
T3_deformed,"""deformed child"" OR ""deformed children"" OR ""hideously deformed"" OR ""facial deformity""",1966,3
T3_deformed,"""deformed child"" OR ""deformed children"" OR ""hideously deformed"" OR ""facial deformity""",1967,4
T3_deformed,"""deformed child"" OR ""deformed children"" OR ""hideously deformed"" OR ""facial deformity""",1968,1
T3_deformed,"""deformed child"" OR ""deformed children"" OR ""hideously deformed"" OR ""facial deformity""",1969,1
T3_deformed,"""deformed child"" OR ""deformed children"" OR ""hideously deformed"" OR ""facial deformity""",1970,2
T3_deformed,"""deformed child"" OR ""deformed children"" OR ""hideously deformed"" OR ""facial deformity""",1971,2
T3_deformed,"""deformed child"" OR ""deformed children"" OR ""hideously deformed"" OR ""facial deformity""",1972,2
T3_deformed,"""deformed child"" OR ""deformed children"" OR ""hideously deformed"" OR ""facial deformity""",1973,4
T3_deformed,"""deformed child"" OR ""deformed children"" OR ""hideously deformed"" OR ""facial deformity""",1974,2
T3_deformed,"""deformed child"" OR ""deformed children"" OR ""hideously deformed"" OR ""facial deformity""",1975,11
T3_deformed,"""deformed child"" OR ""deformed children"" OR ""hideously deformed"" OR ""facial deformity""",1976,5
T3_deformed,"""deformed child"" OR ""deformed children"" OR ""hideously deformed"" OR ""facial deformity""",1977,9
T3_deformed,"""deformed child"" OR ""deformed children"" OR ""hideously deformed"" OR ""facial deformity""",1978,9
T3_deformed,"""deformed child"" OR ""deformed children"" OR ""hideously deformed"" OR ""facial deformity""",1979,6
T3_deformed,"""deformed child"" OR ""deformed children"" OR ""hideously deformed"" OR ""facial deformity""",1980,4
T3_deformed,"""deformed child"" OR ""deformed children"" OR ""hideously deformed"" OR ""facial deformity""",1981,6
T3_deformed,"""deformed child"" OR ""deformed children"" OR ""hideously deformed"" OR ""facial deformity""",1982,5
T3_deformed,"""deformed child"" OR ""deformed children"" OR ""hideously deformed"" OR ""facial deformity""",1983,4
T3_deformed,"""deformed child"" OR ""deformed children"" OR ""hideously deformed"" OR ""facial deformity""",1984,12
T3_deformed,"""deformed child"" OR ""deformed children"" OR ""hideously deformed"" OR ""facial deformity""",1985,10
T3_deformed,"""deformed child"" OR ""deformed children"" OR ""hideously deformed"" OR ""facial deformity""",1986,10
T3_deformed,"""deformed child"" OR ""deformed children"" OR ""hideously deformed"" OR ""facial deformity""",1987,9
T3_deformed,"""deformed child"" OR ""deformed children"" OR ""hideously deformed"" OR ""facial deformity""",1988,10
T3_deformed,"""deformed child"" OR ""deformed children"" OR ""hideously deformed"" OR ""facial deformity""",1989,18
T3_deformed,"""deformed child"" OR ""deformed children"" OR ""hideously deformed"" OR ""facial deformity""",1990,13
T3_deformed,"""deformed child"" OR ""deformed children"" OR ""hideously deformed"" OR ""facial deformity""",1991,11
T3_deformed,"""deformed child"" OR ""deformed children"" OR ""hideously deformed"" OR ""facial deformity""",1992,11
T3_deformed,"""deformed child"" OR ""deformed children"" OR ""hideously deformed"" OR ""facial deformity""",1993,9
T3_deformed,"""deformed child"" OR ""deformed children"" OR ""hideously deformed"" OR ""facial deformity""",1994,13
T3_deformed,"""deformed child"" OR ""deformed children"" OR ""hideously deformed"" OR ""facial deformity""",1995,4
T3_deformed,"""deformed child"" OR ""deformed children"" OR ""hideously deformed"" OR ""facial deformity""",1996,11
T3_deformed,"""deformed child"" OR ""deformed children"" OR ""hideously deformed"" OR ""facial deformity""",1997,10
T3_deformed,"""deformed child"" OR ""deformed children"" OR ""hideously deformed"" OR ""facial deformity""",1998,9
T3_deformed,"""deformed child"" OR ""deformed children"" OR ""hideously deformed"" OR ""facial deformity""",1999,11
T3_deformed,"""deformed child"" OR ""deformed children"" OR ""hideously deformed"" OR ""facial deformity""",2000,8
T3_deformed,"""deformed child"" OR ""deformed children"" OR ""hideously deformed"" OR ""facial deformity""",2001,12
T3_deformed,"""deformed child"" OR ""deformed children"" OR ""hideously deformed"" OR ""facial deformity""",2002,11
T3_deformed,"""deformed child"" OR ""deformed children"" OR ""hideously deformed"" OR ""facial deformity""",2003,11
T3_deformed,"""deformed child"" OR ""deformed children"" OR ""hideously deformed"" OR ""facial deformity""",2004,11
T3_deformed,"""deformed child"" OR ""deformed children"" OR ""hideously deformed"" OR ""facial deformity""",2005,21
T3_deformed,"""deformed child"" OR ""deformed children"" OR ""hideously deformed"" OR ""facial deformity""",2006,15
T3_deformed,"""deformed child"" OR ""deformed children"" OR ""hideously deformed"" OR ""facial deformity""",2007,15
T3_deformed,"""deformed child"" OR ""deformed children"" OR ""hideously deformed"" OR ""facial deformity""",2008,12
T3_deformed,"""deformed child"" OR ""deformed children"" OR ""hideously deformed"" OR ""facial deformity""",2009,24
T3_deformed,"""deformed child"" OR ""deformed children"" OR ""hideously deformed"" OR ""facial deformity""",2010,24
T3_deformed,"""deformed child"" OR ""deformed children"" OR ""hideously deformed"" OR ""facial deformity""",2011,42
T3_deformed,"""deformed child"" OR ""deformed children"" OR ""hideously deformed"" OR ""facial deformity""",2012,37
T3_deformed,"""deformed child"" OR ""deformed children"" OR ""hideously deformed"" OR ""facial deformity""",2013,40
T3_deformed,"""deformed child"" OR ""deformed children"" OR ""hideously deformed"" OR ""facial deformity""",2014,39
T3_deformed,"""deformed child"" OR ""deformed children"" OR ""hideously deformed"" OR ""facial deformity""",2015,43
T3_deformed,"""deformed child"" OR ""deformed children"" OR ""hideously deformed"" OR ""facial deformity""",2016,31
T3_deformed,"""deformed child"" OR ""deformed children"" OR ""hideously deformed"" OR ""facial deformity""",2017,33
T3_deformed,"""deformed child"" OR ""deformed children"" OR ""hideously deformed"" OR ""facial deformity""",2018,39
T3_deformed,"""deformed child"" OR ""deformed children"" OR ""hideously deformed"" OR ""facial deformity""",2019,55
T3_deformed,"""deformed child"" OR ""deformed children"" OR ""hideously deformed"" OR ""facial deformity""",2020,45
T3_deformed,"""deformed child"" OR ""deformed children"" OR ""hideously deformed"" OR ""facial deformity""",2021,64
T3_deformed,"""deformed child"" OR ""deformed children"" OR ""hideously deformed"" OR ""facial deformity""",2022,56
T3_deformed,"""deformed child"" OR ""deformed children"" OR ""hideously deformed"" OR ""facial deformity""",2023,65
T3_deformed,"""deformed child"" OR ""deformed children"" OR ""hideously deformed"" OR ""facial deformity""",2024,43
T3_imbecile_slur,imbeciles OR imbecility,1950,0
T3_imbecile_slur,imbeciles OR imbecility,1951,2
T3_imbecile_slur,imbeciles OR imbecility,1952,2
T3_imbecile_slur,imbeciles OR imbecility,1953,0
T3_imbecile_slur,imbeciles OR imbecility,1954,8
T3_imbecile_slur,imbeciles OR imbecility,1955,4
T3_imbecile_slur,imbeciles OR imbecility,1956,3
T3_imbecile_slur,imbeciles OR imbecility,1957,4
T3_imbecile_slur,imbeciles OR imbecility,1958,6
T3_imbecile_slur,imbeciles OR imbecility,1959,4
T3_imbecile_slur,imbeciles OR imbecility,1960,0
T3_imbecile_slur,imbeciles OR imbecility,1961,5
T3_imbecile_slur,imbeciles OR imbecility,1962,2
T3_imbecile_slur,imbeciles OR imbecility,1963,1
T3_imbecile_slur,imbeciles OR imbecility,1964,1
T3_imbecile_slur,imbeciles OR imbecility,1965,0
T3_imbecile_slur,imbeciles OR imbecility,1966,3
T3_imbecile_slur,imbeciles OR imbecility,1967,2
T3_imbecile_slur,imbeciles OR imbecility,1968,4
T3_imbecile_slur,imbeciles OR imbecility,1969,1
T3_imbecile_slur,imbeciles OR imbecility,1970,0
T3_imbecile_slur,imbeciles OR imbecility,1971,2
T3_imbecile_slur,imbeciles OR imbecility,1972,1
T3_imbecile_slur,imbeciles OR imbecility,1973,1
T3_imbecile_slur,imbeciles OR imbecility,1974,1
T3_imbecile_slur,imbeciles OR imbecility,1975,2
T3_imbecile_slur,imbeciles OR imbecility,1976,2
T3_imbecile_slur,imbeciles OR imbecility,1977,1
T3_imbecile_slur,imbeciles OR imbecility,1978,3
T3_imbecile_slur,imbeciles OR imbecility,1979,3
T3_imbecile_slur,imbeciles OR imbecility,1980,2
T3_imbecile_slur,imbeciles OR imbecility,1981,2
T3_imbecile_slur,imbeciles OR imbecility,1982,0
T3_imbecile_slur,imbeciles OR imbecility,1983,1
T3_imbecile_slur,imbeciles OR imbecility,1984,1
T3_imbecile_slur,imbeciles OR imbecility,1985,2
T3_imbecile_slur,imbeciles OR imbecility,1986,2
T3_imbecile_slur,imbeciles OR imbecility,1987,3
T3_imbecile_slur,imbeciles OR imbecility,1988,4
T3_imbecile_slur,imbeciles OR imbecility,1989,3
T3_imbecile_slur,imbeciles OR imbecility,1990,1
T3_imbecile_slur,imbeciles OR imbecility,1991,1
T3_imbecile_slur,imbeciles OR imbecility,1992,1
T3_imbecile_slur,imbeciles OR imbecility,1993,1
T3_imbecile_slur,imbeciles OR imbecility,1994,0
T3_imbecile_slur,imbeciles OR imbecility,1995,2
T3_imbecile_slur,imbeciles OR imbecility,1996,0
T3_imbecile_slur,imbeciles OR imbecility,1997,2
T3_imbecile_slur,imbeciles OR imbecility,1998,1
T3_imbecile_slur,imbeciles OR imbecility,1999,2
T3_imbecile_slur,imbeciles OR imbecility,2000,0
T3_imbecile_slur,imbeciles OR imbecility,2001,1
T3_imbecile_slur,imbeciles OR imbecility,2002,0
T3_imbecile_slur,imbeciles OR imbecility,2003,1
T3_imbecile_slur,imbeciles OR imbecility,2004,3
T3_imbecile_slur,imbeciles OR imbecility,2005,1
T3_imbecile_slur,imbeciles OR imbecility,2006,1
T3_imbecile_slur,imbeciles OR imbecility,2007,1
T3_imbecile_slur,imbeciles OR imbecility,2008,0
T3_imbecile_slur,imbeciles OR imbecility,2009,0
T3_imbecile_slur,imbeciles OR imbecility,2010,0
T3_imbecile_slur,imbeciles OR imbecility,2011,0
T3_imbecile_slur,imbeciles OR imbecility,2012,0
T3_imbecile_slur,imbeciles OR imbecility,2013,1
T3_imbecile_slur,imbeciles OR imbecility,2014,2
T3_imbecile_slur,imbeciles OR imbecility,2015,1
T3_imbecile_slur,imbeciles OR imbecility,2016,0
T3_imbecile_slur,imbeciles OR imbecility,2017,0
T3_imbecile_slur,imbeciles OR imbecility,2018,0
T3_imbecile_slur,imbeciles OR imbecility,2019,0
T3_imbecile_slur,imbeciles OR imbecility,2020,0
T3_imbecile_slur,imbeciles OR imbecility,2021,0
T3_imbecile_slur,imbeciles OR imbecility,2022,0
T3_imbecile_slur,imbeciles OR imbecility,2023,0
T3_imbecile_slur,imbeciles OR imbecility,2024,0
